knowledge_level,batch,mean_reward,n_episodes,git_sha,source_file,ablation_axis
blind,0,0.0310546875,64,0ba387c649f0f42a31bd4b0967b021ccf4c2220f,exp09_reward_curve_20260810T091537Z.csv,adversarial_robustness
blind,1,0.06279296875,64,0ba387c649f0f42a31bd4b0967b021ccf4c2220f,exp09_reward_curve_20260810T091537Z.csv,adversarial_robustness
blind,2,0.062744140625,64,0ba387c649f0f42a31bd4b0967b021ccf4c2220f,exp09_reward_curve_20260810T091537Z.csv,adversarial_robustness
blind,3,0.08017578125,64,0ba387c649f0f42a31bd4b0967b021ccf4c2220f,exp09_reward_curve_20260810T091537Z.csv,adversarial_robustness
blind,4,0.076904296875,64,0ba387c649f0f42a31bd4b0967b021ccf4c2220f,exp09_reward_curve_20260810T091537Z.csv,adversarial_robustness
blind,5,0.0638671874999999,64,0ba387c649f0f42a31bd4b0967b021ccf4c2220f,exp09_reward_curve_20260810T091537Z.csv,adversarial_robustness
blind,6,0.1472656249999999,64,0ba387c649f0f42a31bd4b0967b021ccf4c2220f,exp09_reward_curve_20260810T091537Z.csv,adversarial_robustness
blind,7,0.131591796875,64,0ba387c649f0f42a31bd4b0967b021ccf4c2220f,exp09_reward_curve_20260810T091537Z.csv,adversarial_robustness
blind,8,0.211328125,64,0ba387c649f0f42a31bd4b0967b021ccf4c2220f,exp09_reward_curve_20260810T091537Z.csv,adversarial_robustness
blind,9,0.2454101562499999,64,0ba387c649f0f42a31bd4b0967b021ccf4c2220f,exp09_reward_curve_20260810T091537Z.csv,adversarial_robustness
blind,10,0.21015625,64,0ba387c649f0f42a31bd4b0967b021ccf4c2220f,exp09_reward_curve_20260810T091537Z.csv,adversarial_robustness
blind,11,0.26220703125,64,0ba387c649f0f42a31bd4b0967b021ccf4c2220f,exp09_reward_curve_20260810T091537Z.csv,adversarial_robustness
blind,12,0.395849609375,64,0ba387c649f0f42a31bd4b0967b021ccf4c2220f,exp09_reward_curve_20260810T091537Z.csv,adversarial_robustness
blind,13,0.34296875,64,0ba387c649f0f42a31bd4b0967b021ccf4c2220f,exp09_reward_curve_20260810T091537Z.csv,adversarial_robustness
blind,14,0.3412109375,64,0ba387c649f0f42a31bd4b0967b021ccf4c2220f,exp09_reward_curve_20260810T091537Z.csv,adversarial_robustness
blind,15,0.46181640625,64,0ba387c649f0f42a31bd4b0967b021ccf4c2220f,exp09_reward_curve_20260810T091537Z.csv,adversarial_robustness
blind,16,0.4096191406249999,64,0ba387c649f0f42a31bd4b0967b021ccf4c2220f,exp09_reward_curve_20260810T091537Z.csv,adversarial_robustness
blind,17,0.4607421874999999,64,0ba387c649f0f42a31bd4b0967b021ccf4c2220f,exp09_reward_curve_20260810T091537Z.csv,adversarial_robustness
blind,18,0.4878906249999999,64,0ba387c649f0f42a31bd4b0967b021ccf4c2220f,exp09_reward_curve_20260810T091537Z.csv,adversarial_robustness
blind,19,0.5023925781249999,64,0ba387c649f0f42a31bd4b0967b021ccf4c2220f,exp09_reward_curve_20260810T091537Z.csv,adversarial_robustness
blind,20,0.57626953125,64,0ba387c649f0f42a31bd4b0967b021ccf4c2220f,exp09_reward_curve_20260810T091537Z.csv,adversarial_robustness
blind,21,0.521728515625,64,0ba387c649f0f42a31bd4b0967b021ccf4c2220f,exp09_reward_curve_20260810T091537Z.csv,adversarial_robustness
blind,22,0.543310546875,64,0ba387c649f0f42a31bd4b0967b021ccf4c2220f,exp09_reward_curve_20260810T091537Z.csv,adversarial_robustness
blind,23,0.607763671875,64,0ba387c649f0f42a31bd4b0967b021ccf4c2220f,exp09_reward_curve_20260810T091537Z.csv,adversarial_robustness
blind,24,0.6249023437500001,64,0ba387c649f0f42a31bd4b0967b021ccf4c2220f,exp09_reward_curve_20260810T091537Z.csv,adversarial_robustness
blind,25,0.6404296875000001,64,0ba387c649f0f42a31bd4b0967b021ccf4c2220f,exp09_reward_curve_20260810T091537Z.csv,adversarial_robustness
blind,26,0.537060546875,64,0ba387c649f0f42a31bd4b0967b021ccf4c2220f,exp09_reward_curve_20260810T091537Z.csv,adversarial_robustness
blind,27,0.5601074218750001,64,0ba387c649f0f42a31bd4b0967b021ccf4c2220f,exp09_reward_curve_20260810T091537Z.csv,adversarial_robustness
blind,28,0.560205078125,64,0ba387c649f0f42a31bd4b0967b021ccf4c2220f,exp09_reward_curve_20260810T091537Z.csv,adversarial_robustness
blind,29,0.6084472656249998,64,0ba387c649f0f42a31bd4b0967b021ccf4c2220f,exp09_reward_curve_20260810T091537Z.csv,adversarial_robustness
blind,30,0.7254882812500001,64,0ba387c649f0f42a31bd4b0967b021ccf4c2220f,exp09_reward_curve_20260810T091537Z.csv,adversarial_robustness
blind,31,0.674267578125,64,0ba387c649f0f42a31bd4b0967b021ccf4c2220f,exp09_reward_curve_20260810T091537Z.csv,adversarial_robustness
analytics,0,-0.1656982968749999,64,0ba387c649f0f42a31bd4b0967b021ccf4c2220f,exp09_reward_curve_20260810T091537Z.csv,adversarial_robustness
analytics,1,-0.21895746875,64,0ba387c649f0f42a31bd4b0967b021ccf4c2220f,exp09_reward_curve_20260810T091537Z.csv,adversarial_robustness
analytics,2,-0.224182078125,64,0ba387c649f0f42a31bd4b0967b021ccf4c2220f,exp09_reward_curve_20260810T091537Z.csv,adversarial_robustness
analytics,3,-0.13092040625,64,0ba387c649f0f42a31bd4b0967b021ccf4c2220f,exp09_reward_curve_20260810T091537Z.csv,adversarial_robustness
analytics,4,-0.148950203125,64,0ba387c649f0f42a31bd4b0967b021ccf4c2220f,exp09_reward_curve_20260810T091537Z.csv,adversarial_robustness
analytics,5,-0.076501375,64,0ba387c649f0f42a31bd4b0967b021ccf4c2220f,exp09_reward_curve_20260810T091537Z.csv,adversarial_robustness
analytics,6,-0.1604248125,64,0ba387c649f0f42a31bd4b0967b021ccf4c2220f,exp09_reward_curve_20260810T091537Z.csv,adversarial_robustness
analytics,7,-0.139550828125,64,0ba387c649f0f42a31bd4b0967b021ccf4c2220f,exp09_reward_curve_20260810T091537Z.csv,adversarial_robustness
analytics,8,-0.12792971875,64,0ba387c649f0f42a31bd4b0967b021ccf4c2220f,exp09_reward_curve_20260810T091537Z.csv,adversarial_robustness
analytics,9,0.0643066249999999,64,0ba387c649f0f42a31bd4b0967b021ccf4c2220f,exp09_reward_curve_20260810T091537Z.csv,adversarial_robustness
analytics,10,-0.037463421875,64,0ba387c649f0f42a31bd4b0967b021ccf4c2220f,exp09_reward_curve_20260810T091537Z.csv,adversarial_robustness
analytics,11,-0.0931885,64,0ba387c649f0f42a31bd4b0967b021ccf4c2220f,exp09_reward_curve_20260810T091537Z.csv,adversarial_robustness
analytics,12,-0.12086184375,64,0ba387c649f0f42a31bd4b0967b021ccf4c2220f,exp09_reward_curve_20260810T091537Z.csv,adversarial_robustness
analytics,13,-0.064123546875,64,0ba387c649f0f42a31bd4b0967b021ccf4c2220f,exp09_reward_curve_20260810T091537Z.csv,adversarial_robustness
analytics,14,0.06839596875,64,0ba387c649f0f42a31bd4b0967b021ccf4c2220f,exp09_reward_curve_20260810T091537Z.csv,adversarial_robustness
analytics,15,-0.0113648124999999,64,0ba387c649f0f42a31bd4b0967b021ccf4c2220f,exp09_reward_curve_20260810T091537Z.csv,adversarial_robustness
analytics,16,-0.080712921875,64,0ba387c649f0f42a31bd4b0967b021ccf4c2220f,exp09_reward_curve_20260810T091537Z.csv,adversarial_robustness
analytics,17,-0.03537596875,64,0ba387c649f0f42a31bd4b0967b021ccf4c2220f,exp09_reward_curve_20260810T091537Z.csv,adversarial_robustness
analytics,18,0.078784125,64,0ba387c649f0f42a31bd4b0967b021ccf4c2220f,exp09_reward_curve_20260810T091537Z.csv,adversarial_robustness
analytics,19,-0.006616234375,64,0ba387c649f0f42a31bd4b0967b021ccf4c2220f,exp09_reward_curve_20260810T091537Z.csv,adversarial_robustness
analytics,20,0.1112914374999999,64,0ba387c649f0f42a31bd4b0967b021ccf4c2220f,exp09_reward_curve_20260810T091537Z.csv,adversarial_robustness
analytics,21,0.1929809375,64,0ba387c649f0f42a31bd4b0967b021ccf4c2220f,exp09_reward_curve_20260810T091537Z.csv,adversarial_robustness
analytics,22,0.03372796875,64,0ba387c649f0f42a31bd4b0967b021ccf4c2220f,exp09_reward_curve_20260810T091537Z.csv,adversarial_robustness
analytics,23,0.130139109375,64,0ba387c649f0f42a31bd4b0967b021ccf4c2220f,exp09_reward_curve_20260810T091537Z.csv,adversarial_robustness
analytics,24,0.0846801874999999,64,0ba387c649f0f42a31bd4b0967b021ccf4c2220f,exp09_reward_curve_20260810T091537Z.csv,adversarial_robustness
analytics,25,0.1007689843749999,64,0ba387c649f0f42a31bd4b0967b021ccf4c2220f,exp09_reward_curve_20260810T091537Z.csv,adversarial_robustness
analytics,26,0.0760009531249999,64,0ba387c649f0f42a31bd4b0967b021ccf4c2220f,exp09_reward_curve_20260810T091537Z.csv,adversarial_robustness
analytics,27,-0.042602609375,64,0ba387c649f0f42a31bd4b0967b021ccf4c2220f,exp09_reward_curve_20260810T091537Z.csv,adversarial_robustness
analytics,28,0.017895375,64,0ba387c649f0f42a31bd4b0967b021ccf4c2220f,exp09_reward_curve_20260810T091537Z.csv,adversarial_robustness
analytics,29,0.0759399374999999,64,0ba387c649f0f42a31bd4b0967b021ccf4c2220f,exp09_reward_curve_20260810T091537Z.csv,adversarial_robustness
analytics,30,0.051452609375,64,0ba387c649f0f42a31bd4b0967b021ccf4c2220f,exp09_reward_curve_20260810T091537Z.csv,adversarial_robustness
analytics,31,0.038305640625,64,0ba387c649f0f42a31bd4b0967b021ccf4c2220f,exp09_reward_curve_20260810T091537Z.csv,adversarial_robustness
full_dbn,0,-0.03526890625,64,0ba387c649f0f42a31bd4b0967b021ccf4c2220f,exp09_reward_curve_20260810T091537Z.csv,adversarial_robustness
full_dbn,1,-0.04162503125,64,0ba387c649f0f42a31bd4b0967b021ccf4c2220f,exp09_reward_curve_20260810T091537Z.csv,adversarial_robustness
full_dbn,2,-0.059681125,64,0ba387c649f0f42a31bd4b0967b021ccf4c2220f,exp09_reward_curve_20260810T091537Z.csv,adversarial_robustness
full_dbn,3,0.038376015625,64,0ba387c649f0f42a31bd4b0967b021ccf4c2220f,exp09_reward_curve_20260810T091537Z.csv,adversarial_robustness
full_dbn,4,0.0465717343749999,64,0ba387c649f0f42a31bd4b0967b021ccf4c2220f,exp09_reward_curve_20260810T091537Z.csv,adversarial_robustness
full_dbn,5,0.0014749374999999,64,0ba387c649f0f42a31bd4b0967b021ccf4c2220f,exp09_reward_curve_20260810T091537Z.csv,adversarial_robustness
full_dbn,6,-0.01948653125,64,0ba387c649f0f42a31bd4b0967b021ccf4c2220f,exp09_reward_curve_20260810T091537Z.csv,adversarial_robustness
full_dbn,7,-0.00101675,64,0ba387c649f0f42a31bd4b0967b021ccf4c2220f,exp09_reward_curve_20260810T091537Z.csv,adversarial_robustness
full_dbn,8,0.0577967499999999,64,0ba387c649f0f42a31bd4b0967b021ccf4c2220f,exp09_reward_curve_20260810T091537Z.csv,adversarial_robustness
full_dbn,9,-0.00567871875,64,0ba387c649f0f42a31bd4b0967b021ccf4c2220f,exp09_reward_curve_20260810T091537Z.csv,adversarial_robustness
full_dbn,10,0.0825890624999999,64,0ba387c649f0f42a31bd4b0967b021ccf4c2220f,exp09_reward_curve_20260810T091537Z.csv,adversarial_robustness
full_dbn,11,0.019890359375,64,0ba387c649f0f42a31bd4b0967b021ccf4c2220f,exp09_reward_curve_20260810T091537Z.csv,adversarial_robustness
full_dbn,12,0.015172875,64,0ba387c649f0f42a31bd4b0967b021ccf4c2220f,exp09_reward_curve_20260810T091537Z.csv,adversarial_robustness
full_dbn,13,0.032442578125,64,0ba387c649f0f42a31bd4b0967b021ccf4c2220f,exp09_reward_curve_20260810T091537Z.csv,adversarial_robustness
full_dbn,14,0.0532539375,64,0ba387c649f0f42a31bd4b0967b021ccf4c2220f,exp09_reward_curve_20260810T091537Z.csv,adversarial_robustness
full_dbn,15,0.1100853281249999,64,0ba387c649f0f42a31bd4b0967b021ccf4c2220f,exp09_reward_curve_20260810T091537Z.csv,adversarial_robustness
full_dbn,16,0.115732890625,64,0ba387c649f0f42a31bd4b0967b021ccf4c2220f,exp09_reward_curve_20260810T091537Z.csv,adversarial_robustness
full_dbn,17,0.104300140625,64,0ba387c649f0f42a31bd4b0967b021ccf4c2220f,exp09_reward_curve_20260810T091537Z.csv,adversarial_robustness
full_dbn,18,0.1220640625,64,0ba387c649f0f42a31bd4b0967b021ccf4c2220f,exp09_reward_curve_20260810T091537Z.csv,adversarial_robustness
full_dbn,19,0.113591375,64,0ba387c649f0f42a31bd4b0967b021ccf4c2220f,exp09_reward_curve_20260810T091537Z.csv,adversarial_robustness
full_dbn,20,0.142317640625,64,0ba387c649f0f42a31bd4b0967b021ccf4c2220f,exp09_reward_curve_20260810T091537Z.csv,adversarial_robustness
full_dbn,21,0.093612,64,0ba387c649f0f42a31bd4b0967b021ccf4c2220f,exp09_reward_curve_20260810T091537Z.csv,adversarial_robustness
full_dbn,22,0.16634853125,64,0ba387c649f0f42a31bd4b0967b021ccf4c2220f,exp09_reward_curve_20260810T091537Z.csv,adversarial_robustness
full_dbn,23,0.189112078125,64,0ba387c649f0f42a31bd4b0967b021ccf4c2220f,exp09_reward_curve_20260810T091537Z.csv,adversarial_robustness
full_dbn,24,0.1787809375,64,0ba387c649f0f42a31bd4b0967b021ccf4c2220f,exp09_reward_curve_20260810T091537Z.csv,adversarial_robustness
full_dbn,25,0.1301553437499999,64,0ba387c649f0f42a31bd4b0967b021ccf4c2220f,exp09_reward_curve_20260810T091537Z.csv,adversarial_robustness
full_dbn,26,0.140646953125,64,0ba387c649f0f42a31bd4b0967b021ccf4c2220f,exp09_reward_curve_20260810T091537Z.csv,adversarial_robustness
full_dbn,27,0.1207155624999999,64,0ba387c649f0f42a31bd4b0967b021ccf4c2220f,exp09_reward_curve_20260810T091537Z.csv,adversarial_robustness
full_dbn,28,0.21158871875,64,0ba387c649f0f42a31bd4b0967b021ccf4c2220f,exp09_reward_curve_20260810T091537Z.csv,adversarial_robustness
full_dbn,29,0.148555234375,64,0ba387c649f0f42a31bd4b0967b021ccf4c2220f,exp09_reward_curve_20260810T091537Z.csv,adversarial_robustness
full_dbn,30,0.181081265625,64,0ba387c649f0f42a31bd4b0967b021ccf4c2220f,exp09_reward_curve_20260810T091537Z.csv,adversarial_robustness
full_dbn,31,0.1922775,64,0ba387c649f0f42a31bd4b0967b021ccf4c2220f,exp09_reward_curve_20260810T091537Z.csv,adversarial_robustness
