bus,heuristic_label,gnn_cluster,arm,git_sha,source_file,ablation_axis
0,unassigned,1,zone_aux,89809769b55650797c2d547c175b27eb3b058bb9-dirty,exp12_cluster_assignment_zone_aux_20261010T101722Z.csv,gnn_cluster_vs_heuristic_zone_aux
1,unassigned,1,zone_aux,89809769b55650797c2d547c175b27eb3b058bb9-dirty,exp12_cluster_assignment_zone_aux_20261010T101722Z.csv,gnn_cluster_vs_heuristic_zone_aux
2,unassigned,1,zone_aux,89809769b55650797c2d547c175b27eb3b058bb9-dirty,exp12_cluster_assignment_zone_aux_20261010T101722Z.csv,gnn_cluster_vs_heuristic_zone_aux
3,unassigned,1,zone_aux,89809769b55650797c2d547c175b27eb3b058bb9-dirty,exp12_cluster_assignment_zone_aux_20261010T101722Z.csv,gnn_cluster_vs_heuristic_zone_aux
4,unassigned,1,zone_aux,89809769b55650797c2d547c175b27eb3b058bb9-dirty,exp12_cluster_assignment_zone_aux_20261010T101722Z.csv,gnn_cluster_vs_heuristic_zone_aux
5,unassigned,1,zone_aux,89809769b55650797c2d547c175b27eb3b058bb9-dirty,exp12_cluster_assignment_zone_aux_20261010T101722Z.csv,gnn_cluster_vs_heuristic_zone_aux
6,unassigned,0,zone_aux,89809769b55650797c2d547c175b27eb3b058bb9-dirty,exp12_cluster_assignment_zone_aux_20261010T101722Z.csv,gnn_cluster_vs_heuristic_zone_aux
7,unassigned,0,zone_aux,89809769b55650797c2d547c175b27eb3b058bb9-dirty,exp12_cluster_assignment_zone_aux_20261010T101722Z.csv,gnn_cluster_vs_heuristic_zone_aux
8,unassigned,0,zone_aux,89809769b55650797c2d547c175b27eb3b058bb9-dirty,exp12_cluster_assignment_zone_aux_20261010T101722Z.csv,gnn_cluster_vs_heuristic_zone_aux
9,DER_17,0,zone_aux,89809769b55650797c2d547c175b27eb3b058bb9-dirty,exp12_cluster_assignment_zone_aux_20261010T101722Z.csv,gnn_cluster_vs_heuristic_zone_aux
10,DER_17,0,zone_aux,89809769b55650797c2d547c175b27eb3b058bb9-dirty,exp12_cluster_assignment_zone_aux_20261010T101722Z.csv,gnn_cluster_vs_heuristic_zone_aux
11,DER_17,0,zone_aux,89809769b55650797c2d547c175b27eb3b058bb9-dirty,exp12_cluster_assignment_zone_aux_20261010T101722Z.csv,gnn_cluster_vs_heuristic_zone_aux
12,DER_17,0,zone_aux,89809769b55650797c2d547c175b27eb3b058bb9-dirty,exp12_cluster_assignment_zone_aux_20261010T101722Z.csv,gnn_cluster_vs_heuristic_zone_aux
13,DER_17,0,zone_aux,89809769b55650797c2d547c175b27eb3b058bb9-dirty,exp12_cluster_assignment_zone_aux_20261010T101722Z.csv,gnn_cluster_vs_heuristic_zone_aux
14,DER_17,0,zone_aux,89809769b55650797c2d547c175b27eb3b058bb9-dirty,exp12_cluster_assignment_zone_aux_20261010T101722Z.csv,gnn_cluster_vs_heuristic_zone_aux
15,DER_17,0,zone_aux,89809769b55650797c2d547c175b27eb3b058bb9-dirty,exp12_cluster_assignment_zone_aux_20261010T101722Z.csv,gnn_cluster_vs_heuristic_zone_aux
16,DER_17,0,zone_aux,89809769b55650797c2d547c175b27eb3b058bb9-dirty,exp12_cluster_assignment_zone_aux_20261010T101722Z.csv,gnn_cluster_vs_heuristic_zone_aux
17,DER_17,0,zone_aux,89809769b55650797c2d547c175b27eb3b058bb9-dirty,exp12_cluster_assignment_zone_aux_20261010T101722Z.csv,gnn_cluster_vs_heuristic_zone_aux
18,unassigned,0,zone_aux,89809769b55650797c2d547c175b27eb3b058bb9-dirty,exp12_cluster_assignment_zone_aux_20261010T101722Z.csv,gnn_cluster_vs_heuristic_zone_aux
19,unassigned,0,zone_aux,89809769b55650797c2d547c175b27eb3b058bb9-dirty,exp12_cluster_assignment_zone_aux_20261010T101722Z.csv,gnn_cluster_vs_heuristic_zone_aux
20,unassigned,0,zone_aux,89809769b55650797c2d547c175b27eb3b058bb9-dirty,exp12_cluster_assignment_zone_aux_20261010T101722Z.csv,gnn_cluster_vs_heuristic_zone_aux
21,unassigned,0,zone_aux,89809769b55650797c2d547c175b27eb3b058bb9-dirty,exp12_cluster_assignment_zone_aux_20261010T101722Z.csv,gnn_cluster_vs_heuristic_zone_aux
22,unassigned,1,zone_aux,89809769b55650797c2d547c175b27eb3b058bb9-dirty,exp12_cluster_assignment_zone_aux_20261010T101722Z.csv,gnn_cluster_vs_heuristic_zone_aux
23,unassigned,1,zone_aux,89809769b55650797c2d547c175b27eb3b058bb9-dirty,exp12_cluster_assignment_zone_aux_20261010T101722Z.csv,gnn_cluster_vs_heuristic_zone_aux
24,unassigned,1,zone_aux,89809769b55650797c2d547c175b27eb3b058bb9-dirty,exp12_cluster_assignment_zone_aux_20261010T101722Z.csv,gnn_cluster_vs_heuristic_zone_aux
25,unassigned,1,zone_aux,89809769b55650797c2d547c175b27eb3b058bb9-dirty,exp12_cluster_assignment_zone_aux_20261010T101722Z.csv,gnn_cluster_vs_heuristic_zone_aux
26,unassigned,1,zone_aux,89809769b55650797c2d547c175b27eb3b058bb9-dirty,exp12_cluster_assignment_zone_aux_20261010T101722Z.csv,gnn_cluster_vs_heuristic_zone_aux
27,unassigned,1,zone_aux,89809769b55650797c2d547c175b27eb3b058bb9-dirty,exp12_cluster_assignment_zone_aux_20261010T101722Z.csv,gnn_cluster_vs_heuristic_zone_aux
28,DER_32,1,zone_aux,89809769b55650797c2d547c175b27eb3b058bb9-dirty,exp12_cluster_assignment_zone_aux_20261010T101722Z.csv,gnn_cluster_vs_heuristic_zone_aux
29,DER_32,1,zone_aux,89809769b55650797c2d547c175b27eb3b058bb9-dirty,exp12_cluster_assignment_zone_aux_20261010T101722Z.csv,gnn_cluster_vs_heuristic_zone_aux
30,DER_32,1,zone_aux,89809769b55650797c2d547c175b27eb3b058bb9-dirty,exp12_cluster_assignment_zone_aux_20261010T101722Z.csv,gnn_cluster_vs_heuristic_zone_aux
31,DER_32,1,zone_aux,89809769b55650797c2d547c175b27eb3b058bb9-dirty,exp12_cluster_assignment_zone_aux_20261010T101722Z.csv,gnn_cluster_vs_heuristic_zone_aux
32,DER_32,1,zone_aux,89809769b55650797c2d547c175b27eb3b058bb9-dirty,exp12_cluster_assignment_zone_aux_20261010T101722Z.csv,gnn_cluster_vs_heuristic_zone_aux
