scenario,m_kl,argmax_slice,arm,git_sha,source_file,ablation_axis
0,0.0,4,zone_aux,89809769b55650797c2d547c175b27eb3b058bb9-dirty,exp12_posterior_kl_zone_aux_20261010T101722Z.csv,gnn_cluster_vs_heuristic_zone_aux
1,0.0,6,zone_aux,89809769b55650797c2d547c175b27eb3b058bb9-dirty,exp12_posterior_kl_zone_aux_20261010T101722Z.csv,gnn_cluster_vs_heuristic_zone_aux
2,0.0,9,zone_aux,89809769b55650797c2d547c175b27eb3b058bb9-dirty,exp12_posterior_kl_zone_aux_20261010T101722Z.csv,gnn_cluster_vs_heuristic_zone_aux
3,0.0,5,zone_aux,89809769b55650797c2d547c175b27eb3b058bb9-dirty,exp12_posterior_kl_zone_aux_20261010T101722Z.csv,gnn_cluster_vs_heuristic_zone_aux
4,0.0,4,zone_aux,89809769b55650797c2d547c175b27eb3b058bb9-dirty,exp12_posterior_kl_zone_aux_20261010T101722Z.csv,gnn_cluster_vs_heuristic_zone_aux
5,0.0,5,zone_aux,89809769b55650797c2d547c175b27eb3b058bb9-dirty,exp12_posterior_kl_zone_aux_20261010T101722Z.csv,gnn_cluster_vs_heuristic_zone_aux
6,0.0,6,zone_aux,89809769b55650797c2d547c175b27eb3b058bb9-dirty,exp12_posterior_kl_zone_aux_20261010T101722Z.csv,gnn_cluster_vs_heuristic_zone_aux
7,0.0,5,zone_aux,89809769b55650797c2d547c175b27eb3b058bb9-dirty,exp12_posterior_kl_zone_aux_20261010T101722Z.csv,gnn_cluster_vs_heuristic_zone_aux
8,0.0,6,zone_aux,89809769b55650797c2d547c175b27eb3b058bb9-dirty,exp12_posterior_kl_zone_aux_20261010T101722Z.csv,gnn_cluster_vs_heuristic_zone_aux
9,0.0,6,zone_aux,89809769b55650797c2d547c175b27eb3b058bb9-dirty,exp12_posterior_kl_zone_aux_20261010T101722Z.csv,gnn_cluster_vs_heuristic_zone_aux
10,0.0,7,zone_aux,89809769b55650797c2d547c175b27eb3b058bb9-dirty,exp12_posterior_kl_zone_aux_20261010T101722Z.csv,gnn_cluster_vs_heuristic_zone_aux
11,0.0,6,zone_aux,89809769b55650797c2d547c175b27eb3b058bb9-dirty,exp12_posterior_kl_zone_aux_20261010T101722Z.csv,gnn_cluster_vs_heuristic_zone_aux
12,0.0,6,zone_aux,89809769b55650797c2d547c175b27eb3b058bb9-dirty,exp12_posterior_kl_zone_aux_20261010T101722Z.csv,gnn_cluster_vs_heuristic_zone_aux
13,0.0,7,zone_aux,89809769b55650797c2d547c175b27eb3b058bb9-dirty,exp12_posterior_kl_zone_aux_20261010T101722Z.csv,gnn_cluster_vs_heuristic_zone_aux
14,0.0,5,zone_aux,89809769b55650797c2d547c175b27eb3b058bb9-dirty,exp12_posterior_kl_zone_aux_20261010T101722Z.csv,gnn_cluster_vs_heuristic_zone_aux
15,0.0,4,zone_aux,89809769b55650797c2d547c175b27eb3b058bb9-dirty,exp12_posterior_kl_zone_aux_20261010T101722Z.csv,gnn_cluster_vs_heuristic_zone_aux
16,0.0,9,zone_aux,89809769b55650797c2d547c175b27eb3b058bb9-dirty,exp12_posterior_kl_zone_aux_20261010T101722Z.csv,gnn_cluster_vs_heuristic_zone_aux
17,0.0,5,zone_aux,89809769b55650797c2d547c175b27eb3b058bb9-dirty,exp12_posterior_kl_zone_aux_20261010T101722Z.csv,gnn_cluster_vs_heuristic_zone_aux
18,0.0,7,zone_aux,89809769b55650797c2d547c175b27eb3b058bb9-dirty,exp12_posterior_kl_zone_aux_20261010T101722Z.csv,gnn_cluster_vs_heuristic_zone_aux
19,0.0,4,zone_aux,89809769b55650797c2d547c175b27eb3b058bb9-dirty,exp12_posterior_kl_zone_aux_20261010T101722Z.csv,gnn_cluster_vs_heuristic_zone_aux
20,0.0,7,zone_aux,89809769b55650797c2d547c175b27eb3b058bb9-dirty,exp12_posterior_kl_zone_aux_20261010T101722Z.csv,gnn_cluster_vs_heuristic_zone_aux
21,0.0,6,zone_aux,89809769b55650797c2d547c175b27eb3b058bb9-dirty,exp12_posterior_kl_zone_aux_20261010T101722Z.csv,gnn_cluster_vs_heuristic_zone_aux
22,0.0,7,zone_aux,89809769b55650797c2d547c175b27eb3b058bb9-dirty,exp12_posterior_kl_zone_aux_20261010T101722Z.csv,gnn_cluster_vs_heuristic_zone_aux
23,0.0,9,zone_aux,89809769b55650797c2d547c175b27eb3b058bb9-dirty,exp12_posterior_kl_zone_aux_20261010T101722Z.csv,gnn_cluster_vs_heuristic_zone_aux
24,0.0,5,zone_aux,89809769b55650797c2d547c175b27eb3b058bb9-dirty,exp12_posterior_kl_zone_aux_20261010T101722Z.csv,gnn_cluster_vs_heuristic_zone_aux
25,0.0,6,zone_aux,89809769b55650797c2d547c175b27eb3b058bb9-dirty,exp12_posterior_kl_zone_aux_20261010T101722Z.csv,gnn_cluster_vs_heuristic_zone_aux
26,0.0,5,zone_aux,89809769b55650797c2d547c175b27eb3b058bb9-dirty,exp12_posterior_kl_zone_aux_20261010T101722Z.csv,gnn_cluster_vs_heuristic_zone_aux
27,0.0,3,zone_aux,89809769b55650797c2d547c175b27eb3b058bb9-dirty,exp12_posterior_kl_zone_aux_20261010T101722Z.csv,gnn_cluster_vs_heuristic_zone_aux
28,0.0,6,zone_aux,89809769b55650797c2d547c175b27eb3b058bb9-dirty,exp12_posterior_kl_zone_aux_20261010T101722Z.csv,gnn_cluster_vs_heuristic_zone_aux
29,0.0,8,zone_aux,89809769b55650797c2d547c175b27eb3b058bb9-dirty,exp12_posterior_kl_zone_aux_20261010T101722Z.csv,gnn_cluster_vs_heuristic_zone_aux
