arm,threshold,n_runs,n_detected_before,n_detected_after,n_missed,n_false_alarm,n_no_event,detection_rate,false_alarm_rate,n_lead_defined,lead_median_slices,lead_p10_slices,lead_p90_slices,lead_mean_slices,git_sha,seed,source_file,ablation_axis
open_loop,0.05,30,14,16,0,0,0,1.0,,30,0.0,0.0,30.0,8.666666666666666,2154dadce6ec0ba2f9b62eb6deef3373180fc9fa-dirty,42,exp04_lead_time_20261010T073122Z.csv,open_vs_closed
open_loop,0.07,30,14,16,0,0,0,1.0,,30,0.0,0.0,30.0,8.666666666666666,2154dadce6ec0ba2f9b62eb6deef3373180fc9fa-dirty,42,exp04_lead_time_20261010T073122Z.csv,open_vs_closed
open_loop,0.09,30,14,16,0,0,0,1.0,,30,0.0,0.0,30.0,8.666666666666666,2154dadce6ec0ba2f9b62eb6deef3373180fc9fa-dirty,42,exp04_lead_time_20261010T073122Z.csv,open_vs_closed
open_loop,0.11,30,14,16,0,0,0,1.0,,30,0.0,0.0,30.0,8.666666666666666,2154dadce6ec0ba2f9b62eb6deef3373180fc9fa-dirty,42,exp04_lead_time_20261010T073122Z.csv,open_vs_closed
open_loop,0.13,30,14,16,0,0,0,1.0,,30,0.0,0.0,30.0,8.666666666666666,2154dadce6ec0ba2f9b62eb6deef3373180fc9fa-dirty,42,exp04_lead_time_20261010T073122Z.csv,open_vs_closed
open_loop,0.15,30,14,16,0,0,0,1.0,,30,0.0,0.0,30.0,8.666666666666666,2154dadce6ec0ba2f9b62eb6deef3373180fc9fa-dirty,42,exp04_lead_time_20261010T073122Z.csv,open_vs_closed
open_loop,0.17,30,14,16,0,0,0,1.0,,30,0.0,0.0,30.0,8.666666666666666,2154dadce6ec0ba2f9b62eb6deef3373180fc9fa-dirty,42,exp04_lead_time_20261010T073122Z.csv,open_vs_closed
open_loop,0.19,30,14,16,0,0,0,1.0,,30,0.0,0.0,30.0,8.666666666666666,2154dadce6ec0ba2f9b62eb6deef3373180fc9fa-dirty,42,exp04_lead_time_20261010T073122Z.csv,open_vs_closed
open_loop,0.21,30,14,16,0,0,0,1.0,,30,0.0,0.0,30.0,8.666666666666666,2154dadce6ec0ba2f9b62eb6deef3373180fc9fa-dirty,42,exp04_lead_time_20261010T073122Z.csv,open_vs_closed
open_loop,0.23,30,14,16,0,0,0,1.0,,30,0.0,0.0,30.0,8.666666666666666,2154dadce6ec0ba2f9b62eb6deef3373180fc9fa-dirty,42,exp04_lead_time_20261010T073122Z.csv,open_vs_closed
open_loop,0.25,30,14,16,0,0,0,1.0,,30,0.0,0.0,30.0,8.666666666666666,2154dadce6ec0ba2f9b62eb6deef3373180fc9fa-dirty,42,exp04_lead_time_20261010T073122Z.csv,open_vs_closed
open_loop,0.27,30,14,16,0,0,0,1.0,,30,0.0,0.0,30.0,8.666666666666666,2154dadce6ec0ba2f9b62eb6deef3373180fc9fa-dirty,42,exp04_lead_time_20261010T073122Z.csv,open_vs_closed
open_loop,0.29,30,14,16,0,0,0,1.0,,30,0.0,0.0,30.0,8.666666666666666,2154dadce6ec0ba2f9b62eb6deef3373180fc9fa-dirty,42,exp04_lead_time_20261010T073122Z.csv,open_vs_closed
open_loop,0.31,30,14,16,0,0,0,1.0,,30,0.0,0.0,30.0,8.666666666666666,2154dadce6ec0ba2f9b62eb6deef3373180fc9fa-dirty,42,exp04_lead_time_20261010T073122Z.csv,open_vs_closed
open_loop,0.33,30,14,16,0,0,0,1.0,,30,0.0,0.0,30.0,8.666666666666666,2154dadce6ec0ba2f9b62eb6deef3373180fc9fa-dirty,42,exp04_lead_time_20261010T073122Z.csv,open_vs_closed
open_loop,0.35,30,14,16,0,0,0,1.0,,30,0.0,0.0,30.0,8.666666666666666,2154dadce6ec0ba2f9b62eb6deef3373180fc9fa-dirty,42,exp04_lead_time_20261010T073122Z.csv,open_vs_closed
open_loop,0.37,30,14,16,0,0,0,1.0,,30,0.0,0.0,30.0,8.666666666666666,2154dadce6ec0ba2f9b62eb6deef3373180fc9fa-dirty,42,exp04_lead_time_20261010T073122Z.csv,open_vs_closed
open_loop,0.39,30,14,16,0,0,0,1.0,,30,0.0,0.0,30.0,8.666666666666666,2154dadce6ec0ba2f9b62eb6deef3373180fc9fa-dirty,42,exp04_lead_time_20261010T073122Z.csv,open_vs_closed
open_loop,0.41,30,14,16,0,0,0,1.0,,30,0.0,0.0,30.0,8.666666666666666,2154dadce6ec0ba2f9b62eb6deef3373180fc9fa-dirty,42,exp04_lead_time_20261010T073122Z.csv,open_vs_closed
open_loop,0.43,30,14,16,0,0,0,1.0,,30,0.0,0.0,30.0,8.666666666666666,2154dadce6ec0ba2f9b62eb6deef3373180fc9fa-dirty,42,exp04_lead_time_20261010T073122Z.csv,open_vs_closed
open_loop,0.45,30,14,16,0,0,0,1.0,,30,0.0,0.0,30.0,8.666666666666666,2154dadce6ec0ba2f9b62eb6deef3373180fc9fa-dirty,42,exp04_lead_time_20261010T073122Z.csv,open_vs_closed
open_loop,0.47,30,14,16,0,0,0,1.0,,30,0.0,0.0,30.0,8.666666666666666,2154dadce6ec0ba2f9b62eb6deef3373180fc9fa-dirty,42,exp04_lead_time_20261010T073122Z.csv,open_vs_closed
open_loop,0.49,30,14,16,0,0,0,1.0,,30,0.0,0.0,30.0,8.666666666666666,2154dadce6ec0ba2f9b62eb6deef3373180fc9fa-dirty,42,exp04_lead_time_20261010T073122Z.csv,open_vs_closed
open_loop,0.51,30,14,16,0,0,0,1.0,,30,0.0,0.0,30.0,8.666666666666666,2154dadce6ec0ba2f9b62eb6deef3373180fc9fa-dirty,42,exp04_lead_time_20261010T073122Z.csv,open_vs_closed
open_loop,0.53,30,14,16,0,0,0,1.0,,30,0.0,0.0,30.0,8.666666666666666,2154dadce6ec0ba2f9b62eb6deef3373180fc9fa-dirty,42,exp04_lead_time_20261010T073122Z.csv,open_vs_closed
open_loop,0.55,30,14,16,0,0,0,1.0,,30,0.0,0.0,30.0,8.666666666666666,2154dadce6ec0ba2f9b62eb6deef3373180fc9fa-dirty,42,exp04_lead_time_20261010T073122Z.csv,open_vs_closed
open_loop,0.57,30,14,16,0,0,0,1.0,,30,0.0,0.0,30.0,8.666666666666666,2154dadce6ec0ba2f9b62eb6deef3373180fc9fa-dirty,42,exp04_lead_time_20261010T073122Z.csv,open_vs_closed
open_loop,0.59,30,14,16,0,0,0,1.0,,30,0.0,0.0,30.0,8.666666666666666,2154dadce6ec0ba2f9b62eb6deef3373180fc9fa-dirty,42,exp04_lead_time_20261010T073122Z.csv,open_vs_closed
open_loop,0.61,30,14,16,0,0,0,1.0,,30,0.0,0.0,30.0,8.666666666666666,2154dadce6ec0ba2f9b62eb6deef3373180fc9fa-dirty,42,exp04_lead_time_20261010T073122Z.csv,open_vs_closed
open_loop,0.63,30,14,16,0,0,0,1.0,,30,0.0,0.0,30.0,8.666666666666666,2154dadce6ec0ba2f9b62eb6deef3373180fc9fa-dirty,42,exp04_lead_time_20261010T073122Z.csv,open_vs_closed
open_loop,0.65,30,14,16,0,0,0,1.0,,30,0.0,0.0,30.0,8.666666666666666,2154dadce6ec0ba2f9b62eb6deef3373180fc9fa-dirty,42,exp04_lead_time_20261010T073122Z.csv,open_vs_closed
open_loop,0.67,30,14,16,0,0,0,1.0,,30,0.0,0.0,30.0,8.666666666666666,2154dadce6ec0ba2f9b62eb6deef3373180fc9fa-dirty,42,exp04_lead_time_20261010T073122Z.csv,open_vs_closed
open_loop,0.69,30,14,16,0,0,0,1.0,,30,0.0,0.0,30.0,8.666666666666666,2154dadce6ec0ba2f9b62eb6deef3373180fc9fa-dirty,42,exp04_lead_time_20261010T073122Z.csv,open_vs_closed
open_loop,0.71,30,2,28,0,0,0,1.0,,30,0.0,-135.0,0.0,-25.933333333333337,2154dadce6ec0ba2f9b62eb6deef3373180fc9fa-dirty,42,exp04_lead_time_20261010T073122Z.csv,open_vs_closed
open_loop,0.73,30,2,28,0,0,0,1.0,,30,0.0,-135.0,0.0,-25.933333333333337,2154dadce6ec0ba2f9b62eb6deef3373180fc9fa-dirty,42,exp04_lead_time_20261010T073122Z.csv,open_vs_closed
open_loop,0.75,30,2,28,0,0,0,1.0,,30,0.0,-135.0,0.0,-25.933333333333337,2154dadce6ec0ba2f9b62eb6deef3373180fc9fa-dirty,42,exp04_lead_time_20261010T073122Z.csv,open_vs_closed
open_loop,0.77,30,2,28,0,0,0,1.0,,30,0.0,-135.0,0.0,-25.933333333333337,2154dadce6ec0ba2f9b62eb6deef3373180fc9fa-dirty,42,exp04_lead_time_20261010T073122Z.csv,open_vs_closed
open_loop,0.79,30,2,28,0,0,0,1.0,,30,-1.0,-135.0,0.0,-26.166666666666668,2154dadce6ec0ba2f9b62eb6deef3373180fc9fa-dirty,42,exp04_lead_time_20261010T073122Z.csv,open_vs_closed
open_loop,0.81,30,1,29,0,0,0,1.0,,30,-3.0,-135.0,0.0,-32.233333333333334,2154dadce6ec0ba2f9b62eb6deef3373180fc9fa-dirty,42,exp04_lead_time_20261010T073122Z.csv,open_vs_closed
open_loop,0.83,30,1,29,0,0,0,1.0,,30,-3.0,-135.0,0.0,-32.233333333333334,2154dadce6ec0ba2f9b62eb6deef3373180fc9fa-dirty,42,exp04_lead_time_20261010T073122Z.csv,open_vs_closed
open_loop,0.85,30,1,29,0,0,0,1.0,,30,-3.0,-135.0,0.0,-32.233333333333334,2154dadce6ec0ba2f9b62eb6deef3373180fc9fa-dirty,42,exp04_lead_time_20261010T073122Z.csv,open_vs_closed
open_loop,0.87,30,1,29,0,0,0,1.0,,30,-3.0,-135.0,0.0,-32.233333333333334,2154dadce6ec0ba2f9b62eb6deef3373180fc9fa-dirty,42,exp04_lead_time_20261010T073122Z.csv,open_vs_closed
open_loop,0.89,30,1,29,0,0,0,1.0,,30,-3.0,-135.0,0.0,-32.233333333333334,2154dadce6ec0ba2f9b62eb6deef3373180fc9fa-dirty,42,exp04_lead_time_20261010T073122Z.csv,open_vs_closed
open_loop,0.91,30,1,29,0,0,0,1.0,,30,-3.0,-135.0,0.0,-32.233333333333334,2154dadce6ec0ba2f9b62eb6deef3373180fc9fa-dirty,42,exp04_lead_time_20261010T073122Z.csv,open_vs_closed
open_loop,0.93,30,1,29,0,0,0,1.0,,30,-3.0,-135.0,0.0,-32.233333333333334,2154dadce6ec0ba2f9b62eb6deef3373180fc9fa-dirty,42,exp04_lead_time_20261010T073122Z.csv,open_vs_closed
open_loop,0.95,30,0,30,0,0,0,1.0,,30,-28.0,-232.0,0.0,-67.9,2154dadce6ec0ba2f9b62eb6deef3373180fc9fa-dirty,42,exp04_lead_time_20261010T073122Z.csv,open_vs_closed
open_loop,0.97,30,0,30,0,0,0,1.0,,30,-28.0,-232.0,0.0,-67.9,2154dadce6ec0ba2f9b62eb6deef3373180fc9fa-dirty,42,exp04_lead_time_20261010T073122Z.csv,open_vs_closed
open_loop,0.99,30,0,30,0,0,0,1.0,,30,-28.0,-232.0,-1.0,-68.2,2154dadce6ec0ba2f9b62eb6deef3373180fc9fa-dirty,42,exp04_lead_time_20261010T073122Z.csv,open_vs_closed
closed_loop,0.05,30,14,16,0,0,0,1.0,,30,0.0,0.0,30.0,8.666666666666666,2154dadce6ec0ba2f9b62eb6deef3373180fc9fa-dirty,42,exp04_lead_time_20261010T073122Z.csv,open_vs_closed
closed_loop,0.07,30,14,16,0,0,0,1.0,,30,0.0,0.0,30.0,8.666666666666666,2154dadce6ec0ba2f9b62eb6deef3373180fc9fa-dirty,42,exp04_lead_time_20261010T073122Z.csv,open_vs_closed
closed_loop,0.09,30,14,16,0,0,0,1.0,,30,0.0,0.0,30.0,8.666666666666666,2154dadce6ec0ba2f9b62eb6deef3373180fc9fa-dirty,42,exp04_lead_time_20261010T073122Z.csv,open_vs_closed
closed_loop,0.11,30,14,16,0,0,0,1.0,,30,0.0,0.0,30.0,8.666666666666666,2154dadce6ec0ba2f9b62eb6deef3373180fc9fa-dirty,42,exp04_lead_time_20261010T073122Z.csv,open_vs_closed
closed_loop,0.13,30,12,18,0,0,0,1.0,,30,0.0,0.0,30.0,8.2,2154dadce6ec0ba2f9b62eb6deef3373180fc9fa-dirty,42,exp04_lead_time_20261010T073122Z.csv,open_vs_closed
closed_loop,0.15,30,2,28,0,0,0,1.0,,30,0.0,-4.0,0.0,1.3666666666666667,2154dadce6ec0ba2f9b62eb6deef3373180fc9fa-dirty,42,exp04_lead_time_20261010T073122Z.csv,open_vs_closed
closed_loop,0.17,30,2,28,0,0,0,1.0,,30,0.0,-4.0,0.0,1.3666666666666667,2154dadce6ec0ba2f9b62eb6deef3373180fc9fa-dirty,42,exp04_lead_time_20261010T073122Z.csv,open_vs_closed
closed_loop,0.19,30,2,28,0,0,0,1.0,,30,0.0,-4.0,0.0,1.3,2154dadce6ec0ba2f9b62eb6deef3373180fc9fa-dirty,42,exp04_lead_time_20261010T073122Z.csv,open_vs_closed
closed_loop,0.21,30,1,29,0,0,0,1.0,,30,0.0,-4.0,0.0,-1.0666666666666669,2154dadce6ec0ba2f9b62eb6deef3373180fc9fa-dirty,42,exp04_lead_time_20261010T073122Z.csv,open_vs_closed
closed_loop,0.23,30,1,29,0,0,0,1.0,,30,0.0,-4.0,0.0,-1.0666666666666669,2154dadce6ec0ba2f9b62eb6deef3373180fc9fa-dirty,42,exp04_lead_time_20261010T073122Z.csv,open_vs_closed
closed_loop,0.25,30,1,29,0,0,0,1.0,,30,0.0,-4.0,0.0,-1.0666666666666669,2154dadce6ec0ba2f9b62eb6deef3373180fc9fa-dirty,42,exp04_lead_time_20261010T073122Z.csv,open_vs_closed
closed_loop,0.27,30,1,29,0,0,0,1.0,,30,0.0,-4.0,0.0,-1.0666666666666669,2154dadce6ec0ba2f9b62eb6deef3373180fc9fa-dirty,42,exp04_lead_time_20261010T073122Z.csv,open_vs_closed
closed_loop,0.29,30,1,29,0,0,0,1.0,,30,0.0,-4.0,0.0,-1.0666666666666669,2154dadce6ec0ba2f9b62eb6deef3373180fc9fa-dirty,42,exp04_lead_time_20261010T073122Z.csv,open_vs_closed
closed_loop,0.31,30,1,29,0,0,0,1.0,,30,0.0,-4.0,0.0,-1.0666666666666669,2154dadce6ec0ba2f9b62eb6deef3373180fc9fa-dirty,42,exp04_lead_time_20261010T073122Z.csv,open_vs_closed
closed_loop,0.33,30,1,29,0,0,0,1.0,,30,0.0,-4.0,0.0,-1.0666666666666669,2154dadce6ec0ba2f9b62eb6deef3373180fc9fa-dirty,42,exp04_lead_time_20261010T073122Z.csv,open_vs_closed
closed_loop,0.35,30,1,29,0,0,0,1.0,,30,0.0,-4.0,0.0,-1.0666666666666669,2154dadce6ec0ba2f9b62eb6deef3373180fc9fa-dirty,42,exp04_lead_time_20261010T073122Z.csv,open_vs_closed
closed_loop,0.37,30,1,29,0,0,0,1.0,,30,0.0,-4.0,0.0,-1.0666666666666669,2154dadce6ec0ba2f9b62eb6deef3373180fc9fa-dirty,42,exp04_lead_time_20261010T073122Z.csv,open_vs_closed
closed_loop,0.39,30,1,29,0,0,0,1.0,,30,0.0,-4.0,0.0,-1.0666666666666669,2154dadce6ec0ba2f9b62eb6deef3373180fc9fa-dirty,42,exp04_lead_time_20261010T073122Z.csv,open_vs_closed
closed_loop,0.41,30,1,29,0,0,0,1.0,,30,0.0,-4.0,0.0,-1.0666666666666669,2154dadce6ec0ba2f9b62eb6deef3373180fc9fa-dirty,42,exp04_lead_time_20261010T073122Z.csv,open_vs_closed
closed_loop,0.43,30,1,29,0,0,0,1.0,,30,0.0,-4.0,0.0,-1.0666666666666669,2154dadce6ec0ba2f9b62eb6deef3373180fc9fa-dirty,42,exp04_lead_time_20261010T073122Z.csv,open_vs_closed
closed_loop,0.45,30,1,29,0,0,0,1.0,,30,0.0,-4.0,0.0,-1.0666666666666669,2154dadce6ec0ba2f9b62eb6deef3373180fc9fa-dirty,42,exp04_lead_time_20261010T073122Z.csv,open_vs_closed
closed_loop,0.47,30,1,29,0,0,0,1.0,,30,0.0,-4.0,0.0,-1.0666666666666669,2154dadce6ec0ba2f9b62eb6deef3373180fc9fa-dirty,42,exp04_lead_time_20261010T073122Z.csv,open_vs_closed
closed_loop,0.49,30,0,30,0,0,0,1.0,,30,0.0,-4.0,0.0,-1.2,2154dadce6ec0ba2f9b62eb6deef3373180fc9fa-dirty,42,exp04_lead_time_20261010T073122Z.csv,open_vs_closed
closed_loop,0.51,30,0,30,0,0,0,1.0,,30,0.0,-4.0,0.0,-1.2,2154dadce6ec0ba2f9b62eb6deef3373180fc9fa-dirty,42,exp04_lead_time_20261010T073122Z.csv,open_vs_closed
closed_loop,0.53,30,0,30,0,0,0,1.0,,30,0.0,-4.0,0.0,-1.2,2154dadce6ec0ba2f9b62eb6deef3373180fc9fa-dirty,42,exp04_lead_time_20261010T073122Z.csv,open_vs_closed
closed_loop,0.55,30,0,30,0,0,0,1.0,,30,0.0,-4.0,0.0,-1.2,2154dadce6ec0ba2f9b62eb6deef3373180fc9fa-dirty,42,exp04_lead_time_20261010T073122Z.csv,open_vs_closed
closed_loop,0.57,30,0,30,0,0,0,1.0,,30,0.0,-4.0,0.0,-1.2,2154dadce6ec0ba2f9b62eb6deef3373180fc9fa-dirty,42,exp04_lead_time_20261010T073122Z.csv,open_vs_closed
closed_loop,0.59,30,0,30,0,0,0,1.0,,30,0.0,-4.0,0.0,-1.2,2154dadce6ec0ba2f9b62eb6deef3373180fc9fa-dirty,42,exp04_lead_time_20261010T073122Z.csv,open_vs_closed
closed_loop,0.61,30,0,30,0,0,0,1.0,,30,0.0,-4.0,0.0,-1.2,2154dadce6ec0ba2f9b62eb6deef3373180fc9fa-dirty,42,exp04_lead_time_20261010T073122Z.csv,open_vs_closed
closed_loop,0.63,30,0,30,0,0,0,1.0,,30,0.0,-4.0,0.0,-1.2,2154dadce6ec0ba2f9b62eb6deef3373180fc9fa-dirty,42,exp04_lead_time_20261010T073122Z.csv,open_vs_closed
closed_loop,0.65,30,0,30,0,0,0,1.0,,30,0.0,-4.0,0.0,-1.2,2154dadce6ec0ba2f9b62eb6deef3373180fc9fa-dirty,42,exp04_lead_time_20261010T073122Z.csv,open_vs_closed
closed_loop,0.67,30,0,30,0,0,0,1.0,,30,0.0,-4.0,0.0,-1.2,2154dadce6ec0ba2f9b62eb6deef3373180fc9fa-dirty,42,exp04_lead_time_20261010T073122Z.csv,open_vs_closed
closed_loop,0.69,30,0,30,0,0,0,1.0,,30,0.0,-4.0,0.0,-1.2,2154dadce6ec0ba2f9b62eb6deef3373180fc9fa-dirty,42,exp04_lead_time_20261010T073122Z.csv,open_vs_closed
closed_loop,0.71,30,0,30,0,0,0,1.0,,30,0.0,-4.0,0.0,-1.2,2154dadce6ec0ba2f9b62eb6deef3373180fc9fa-dirty,42,exp04_lead_time_20261010T073122Z.csv,open_vs_closed
closed_loop,0.73,30,0,30,0,0,0,1.0,,30,0.0,-4.0,0.0,-1.2,2154dadce6ec0ba2f9b62eb6deef3373180fc9fa-dirty,42,exp04_lead_time_20261010T073122Z.csv,open_vs_closed
closed_loop,0.75,30,0,30,0,0,0,1.0,,30,0.0,-4.0,0.0,-1.2,2154dadce6ec0ba2f9b62eb6deef3373180fc9fa-dirty,42,exp04_lead_time_20261010T073122Z.csv,open_vs_closed
closed_loop,0.77,30,0,30,0,0,0,1.0,,30,0.0,-4.0,0.0,-1.2,2154dadce6ec0ba2f9b62eb6deef3373180fc9fa-dirty,42,exp04_lead_time_20261010T073122Z.csv,open_vs_closed
closed_loop,0.79,30,0,30,0,0,0,1.0,,30,0.0,-4.0,0.0,-1.2,2154dadce6ec0ba2f9b62eb6deef3373180fc9fa-dirty,42,exp04_lead_time_20261010T073122Z.csv,open_vs_closed
closed_loop,0.81,30,0,30,0,0,0,1.0,,30,0.0,-4.0,0.0,-1.2,2154dadce6ec0ba2f9b62eb6deef3373180fc9fa-dirty,42,exp04_lead_time_20261010T073122Z.csv,open_vs_closed
closed_loop,0.83,30,0,30,0,0,0,1.0,,30,0.0,-4.0,0.0,-1.2,2154dadce6ec0ba2f9b62eb6deef3373180fc9fa-dirty,42,exp04_lead_time_20261010T073122Z.csv,open_vs_closed
closed_loop,0.85,30,0,30,0,0,0,1.0,,30,-1.0,-4.0,0.0,-1.3666666666666667,2154dadce6ec0ba2f9b62eb6deef3373180fc9fa-dirty,42,exp04_lead_time_20261010T073122Z.csv,open_vs_closed
closed_loop,0.87,30,0,30,0,0,0,1.0,,30,-3.0,-27.0,0.0,-5.066666666666666,2154dadce6ec0ba2f9b62eb6deef3373180fc9fa-dirty,42,exp04_lead_time_20261010T073122Z.csv,open_vs_closed
closed_loop,0.89,30,0,30,0,0,0,1.0,,30,-3.0,-27.0,0.0,-5.066666666666666,2154dadce6ec0ba2f9b62eb6deef3373180fc9fa-dirty,42,exp04_lead_time_20261010T073122Z.csv,open_vs_closed
closed_loop,0.91,30,0,30,0,0,0,1.0,,30,-3.0,-27.0,0.0,-5.066666666666666,2154dadce6ec0ba2f9b62eb6deef3373180fc9fa-dirty,42,exp04_lead_time_20261010T073122Z.csv,open_vs_closed
closed_loop,0.93,30,0,30,0,0,0,1.0,,30,-3.0,-27.0,0.0,-5.066666666666666,2154dadce6ec0ba2f9b62eb6deef3373180fc9fa-dirty,42,exp04_lead_time_20261010T073122Z.csv,open_vs_closed
closed_loop,0.95,30,0,30,0,0,0,1.0,,30,-3.0,-27.0,0.0,-5.066666666666666,2154dadce6ec0ba2f9b62eb6deef3373180fc9fa-dirty,42,exp04_lead_time_20261010T073122Z.csv,open_vs_closed
closed_loop,0.97,30,0,30,0,0,0,1.0,,30,-3.0,-27.0,0.0,-5.8,2154dadce6ec0ba2f9b62eb6deef3373180fc9fa-dirty,42,exp04_lead_time_20261010T073122Z.csv,open_vs_closed
closed_loop,0.99,30,0,30,0,0,0,1.0,,30,-3.0,-27.0,0.0,-5.8,2154dadce6ec0ba2f9b62eb6deef3373180fc9fa-dirty,42,exp04_lead_time_20261010T073122Z.csv,open_vs_closed
physical_only,0.05,30,0,30,0,0,0,1.0,,30,-3.0,-27.0,0.0,-5.8,2154dadce6ec0ba2f9b62eb6deef3373180fc9fa-dirty,42,exp04_lead_time_20261010T073122Z.csv,open_vs_closed
physical_only,0.07,30,0,30,0,0,0,1.0,,30,-3.0,-27.0,0.0,-5.8,2154dadce6ec0ba2f9b62eb6deef3373180fc9fa-dirty,42,exp04_lead_time_20261010T073122Z.csv,open_vs_closed
physical_only,0.09,30,0,30,0,0,0,1.0,,30,-3.0,-27.0,0.0,-5.8,2154dadce6ec0ba2f9b62eb6deef3373180fc9fa-dirty,42,exp04_lead_time_20261010T073122Z.csv,open_vs_closed
physical_only,0.11,30,0,30,0,0,0,1.0,,30,-3.0,-27.0,0.0,-5.8,2154dadce6ec0ba2f9b62eb6deef3373180fc9fa-dirty,42,exp04_lead_time_20261010T073122Z.csv,open_vs_closed
physical_only,0.13,30,0,30,0,0,0,1.0,,30,-3.0,-27.0,0.0,-5.8,2154dadce6ec0ba2f9b62eb6deef3373180fc9fa-dirty,42,exp04_lead_time_20261010T073122Z.csv,open_vs_closed
physical_only,0.15,30,0,30,0,0,0,1.0,,30,-3.0,-27.0,0.0,-5.8,2154dadce6ec0ba2f9b62eb6deef3373180fc9fa-dirty,42,exp04_lead_time_20261010T073122Z.csv,open_vs_closed
physical_only,0.17,30,0,30,0,0,0,1.0,,30,-3.0,-27.0,0.0,-5.8,2154dadce6ec0ba2f9b62eb6deef3373180fc9fa-dirty,42,exp04_lead_time_20261010T073122Z.csv,open_vs_closed
physical_only,0.19,30,0,30,0,0,0,1.0,,30,-3.0,-27.0,0.0,-5.8,2154dadce6ec0ba2f9b62eb6deef3373180fc9fa-dirty,42,exp04_lead_time_20261010T073122Z.csv,open_vs_closed
physical_only,0.21,30,0,30,0,0,0,1.0,,30,-3.0,-27.0,0.0,-5.8,2154dadce6ec0ba2f9b62eb6deef3373180fc9fa-dirty,42,exp04_lead_time_20261010T073122Z.csv,open_vs_closed
physical_only,0.23,30,0,30,0,0,0,1.0,,30,-3.0,-27.0,0.0,-5.8,2154dadce6ec0ba2f9b62eb6deef3373180fc9fa-dirty,42,exp04_lead_time_20261010T073122Z.csv,open_vs_closed
physical_only,0.25,30,0,30,0,0,0,1.0,,30,-3.0,-27.0,0.0,-5.8,2154dadce6ec0ba2f9b62eb6deef3373180fc9fa-dirty,42,exp04_lead_time_20261010T073122Z.csv,open_vs_closed
physical_only,0.27,30,0,30,0,0,0,1.0,,30,-3.0,-27.0,0.0,-5.8,2154dadce6ec0ba2f9b62eb6deef3373180fc9fa-dirty,42,exp04_lead_time_20261010T073122Z.csv,open_vs_closed
physical_only,0.29,30,0,30,0,0,0,1.0,,30,-3.0,-27.0,0.0,-5.8,2154dadce6ec0ba2f9b62eb6deef3373180fc9fa-dirty,42,exp04_lead_time_20261010T073122Z.csv,open_vs_closed
physical_only,0.31,30,0,30,0,0,0,1.0,,30,-3.0,-27.0,0.0,-5.8,2154dadce6ec0ba2f9b62eb6deef3373180fc9fa-dirty,42,exp04_lead_time_20261010T073122Z.csv,open_vs_closed
physical_only,0.33,30,0,30,0,0,0,1.0,,30,-3.0,-27.0,0.0,-5.8,2154dadce6ec0ba2f9b62eb6deef3373180fc9fa-dirty,42,exp04_lead_time_20261010T073122Z.csv,open_vs_closed
physical_only,0.35,30,0,30,0,0,0,1.0,,30,-3.0,-27.0,0.0,-5.8,2154dadce6ec0ba2f9b62eb6deef3373180fc9fa-dirty,42,exp04_lead_time_20261010T073122Z.csv,open_vs_closed
physical_only,0.37,30,0,30,0,0,0,1.0,,30,-3.0,-27.0,0.0,-5.8,2154dadce6ec0ba2f9b62eb6deef3373180fc9fa-dirty,42,exp04_lead_time_20261010T073122Z.csv,open_vs_closed
physical_only,0.39,30,0,30,0,0,0,1.0,,30,-3.0,-27.0,0.0,-5.8,2154dadce6ec0ba2f9b62eb6deef3373180fc9fa-dirty,42,exp04_lead_time_20261010T073122Z.csv,open_vs_closed
physical_only,0.41,30,0,30,0,0,0,1.0,,30,-3.0,-27.0,0.0,-5.8,2154dadce6ec0ba2f9b62eb6deef3373180fc9fa-dirty,42,exp04_lead_time_20261010T073122Z.csv,open_vs_closed
physical_only,0.43,30,0,30,0,0,0,1.0,,30,-3.0,-27.0,0.0,-5.8,2154dadce6ec0ba2f9b62eb6deef3373180fc9fa-dirty,42,exp04_lead_time_20261010T073122Z.csv,open_vs_closed
physical_only,0.45,30,0,30,0,0,0,1.0,,30,-3.0,-27.0,0.0,-5.8,2154dadce6ec0ba2f9b62eb6deef3373180fc9fa-dirty,42,exp04_lead_time_20261010T073122Z.csv,open_vs_closed
physical_only,0.47,30,0,30,0,0,0,1.0,,30,-3.0,-27.0,0.0,-5.8,2154dadce6ec0ba2f9b62eb6deef3373180fc9fa-dirty,42,exp04_lead_time_20261010T073122Z.csv,open_vs_closed
physical_only,0.49,30,0,30,0,0,0,1.0,,30,-3.0,-27.0,0.0,-5.8,2154dadce6ec0ba2f9b62eb6deef3373180fc9fa-dirty,42,exp04_lead_time_20261010T073122Z.csv,open_vs_closed
physical_only,0.51,30,0,30,0,0,0,1.0,,30,-3.0,-27.0,0.0,-5.8,2154dadce6ec0ba2f9b62eb6deef3373180fc9fa-dirty,42,exp04_lead_time_20261010T073122Z.csv,open_vs_closed
physical_only,0.53,30,0,30,0,0,0,1.0,,30,-3.0,-27.0,0.0,-5.8,2154dadce6ec0ba2f9b62eb6deef3373180fc9fa-dirty,42,exp04_lead_time_20261010T073122Z.csv,open_vs_closed
physical_only,0.55,30,0,30,0,0,0,1.0,,30,-3.0,-27.0,0.0,-5.8,2154dadce6ec0ba2f9b62eb6deef3373180fc9fa-dirty,42,exp04_lead_time_20261010T073122Z.csv,open_vs_closed
physical_only,0.57,30,0,30,0,0,0,1.0,,30,-3.0,-27.0,0.0,-5.8,2154dadce6ec0ba2f9b62eb6deef3373180fc9fa-dirty,42,exp04_lead_time_20261010T073122Z.csv,open_vs_closed
physical_only,0.59,30,0,30,0,0,0,1.0,,30,-3.0,-27.0,0.0,-5.8,2154dadce6ec0ba2f9b62eb6deef3373180fc9fa-dirty,42,exp04_lead_time_20261010T073122Z.csv,open_vs_closed
physical_only,0.61,30,0,30,0,0,0,1.0,,30,-3.0,-27.0,0.0,-5.8,2154dadce6ec0ba2f9b62eb6deef3373180fc9fa-dirty,42,exp04_lead_time_20261010T073122Z.csv,open_vs_closed
physical_only,0.63,30,0,30,0,0,0,1.0,,30,-3.0,-27.0,0.0,-5.8,2154dadce6ec0ba2f9b62eb6deef3373180fc9fa-dirty,42,exp04_lead_time_20261010T073122Z.csv,open_vs_closed
physical_only,0.65,30,0,30,0,0,0,1.0,,30,-3.0,-27.0,0.0,-5.8,2154dadce6ec0ba2f9b62eb6deef3373180fc9fa-dirty,42,exp04_lead_time_20261010T073122Z.csv,open_vs_closed
physical_only,0.67,30,0,30,0,0,0,1.0,,30,-3.0,-27.0,0.0,-5.8,2154dadce6ec0ba2f9b62eb6deef3373180fc9fa-dirty,42,exp04_lead_time_20261010T073122Z.csv,open_vs_closed
physical_only,0.69,30,0,30,0,0,0,1.0,,30,-3.0,-27.0,0.0,-5.8,2154dadce6ec0ba2f9b62eb6deef3373180fc9fa-dirty,42,exp04_lead_time_20261010T073122Z.csv,open_vs_closed
physical_only,0.71,30,0,30,0,0,0,1.0,,30,-3.0,-27.0,0.0,-5.8,2154dadce6ec0ba2f9b62eb6deef3373180fc9fa-dirty,42,exp04_lead_time_20261010T073122Z.csv,open_vs_closed
physical_only,0.73,30,0,30,0,0,0,1.0,,30,-3.0,-27.0,0.0,-5.8,2154dadce6ec0ba2f9b62eb6deef3373180fc9fa-dirty,42,exp04_lead_time_20261010T073122Z.csv,open_vs_closed
physical_only,0.75,30,0,30,0,0,0,1.0,,30,-3.0,-27.0,0.0,-5.8,2154dadce6ec0ba2f9b62eb6deef3373180fc9fa-dirty,42,exp04_lead_time_20261010T073122Z.csv,open_vs_closed
physical_only,0.77,30,0,30,0,0,0,1.0,,30,-3.0,-27.0,0.0,-5.8,2154dadce6ec0ba2f9b62eb6deef3373180fc9fa-dirty,42,exp04_lead_time_20261010T073122Z.csv,open_vs_closed
physical_only,0.79,30,0,30,0,0,0,1.0,,30,-3.0,-27.0,0.0,-5.8,2154dadce6ec0ba2f9b62eb6deef3373180fc9fa-dirty,42,exp04_lead_time_20261010T073122Z.csv,open_vs_closed
physical_only,0.81,30,0,30,0,0,0,1.0,,30,-3.0,-27.0,0.0,-5.8,2154dadce6ec0ba2f9b62eb6deef3373180fc9fa-dirty,42,exp04_lead_time_20261010T073122Z.csv,open_vs_closed
physical_only,0.83,30,0,30,0,0,0,1.0,,30,-3.0,-27.0,0.0,-5.8,2154dadce6ec0ba2f9b62eb6deef3373180fc9fa-dirty,42,exp04_lead_time_20261010T073122Z.csv,open_vs_closed
physical_only,0.85,30,0,30,0,0,0,1.0,,30,-3.0,-27.0,0.0,-5.8,2154dadce6ec0ba2f9b62eb6deef3373180fc9fa-dirty,42,exp04_lead_time_20261010T073122Z.csv,open_vs_closed
physical_only,0.87,30,0,30,0,0,0,1.0,,30,-3.0,-27.0,0.0,-5.8,2154dadce6ec0ba2f9b62eb6deef3373180fc9fa-dirty,42,exp04_lead_time_20261010T073122Z.csv,open_vs_closed
physical_only,0.89,30,0,30,0,0,0,1.0,,30,-3.0,-27.0,0.0,-5.8,2154dadce6ec0ba2f9b62eb6deef3373180fc9fa-dirty,42,exp04_lead_time_20261010T073122Z.csv,open_vs_closed
physical_only,0.91,30,0,30,0,0,0,1.0,,30,-3.0,-27.0,0.0,-5.8,2154dadce6ec0ba2f9b62eb6deef3373180fc9fa-dirty,42,exp04_lead_time_20261010T073122Z.csv,open_vs_closed
physical_only,0.93,30,0,30,0,0,0,1.0,,30,-3.0,-27.0,0.0,-5.8,2154dadce6ec0ba2f9b62eb6deef3373180fc9fa-dirty,42,exp04_lead_time_20261010T073122Z.csv,open_vs_closed
physical_only,0.95,30,0,30,0,0,0,1.0,,30,-3.0,-27.0,0.0,-5.8,2154dadce6ec0ba2f9b62eb6deef3373180fc9fa-dirty,42,exp04_lead_time_20261010T073122Z.csv,open_vs_closed
physical_only,0.97,30,0,30,0,0,0,1.0,,30,-3.0,-27.0,0.0,-5.8,2154dadce6ec0ba2f9b62eb6deef3373180fc9fa-dirty,42,exp04_lead_time_20261010T073122Z.csv,open_vs_closed
physical_only,0.99,30,0,30,0,0,0,1.0,,30,-3.0,-27.0,0.0,-5.8,2154dadce6ec0ba2f9b62eb6deef3373180fc9fa-dirty,42,exp04_lead_time_20261010T073122Z.csv,open_vs_closed
closed_loop_sensitivity_1e4,0.05,30,0,30,0,0,0,1.0,,30,0.0,-4.0,0.0,-1.2,2154dadce6ec0ba2f9b62eb6deef3373180fc9fa-dirty,42,exp04_lead_time_20261010T073122Z.csv,open_vs_closed
closed_loop_sensitivity_1e4,0.07,30,0,30,0,0,0,1.0,,30,0.0,-4.0,0.0,-1.2,2154dadce6ec0ba2f9b62eb6deef3373180fc9fa-dirty,42,exp04_lead_time_20261010T073122Z.csv,open_vs_closed
closed_loop_sensitivity_1e4,0.09,30,0,30,0,0,0,1.0,,30,0.0,-4.0,0.0,-1.2,2154dadce6ec0ba2f9b62eb6deef3373180fc9fa-dirty,42,exp04_lead_time_20261010T073122Z.csv,open_vs_closed
closed_loop_sensitivity_1e4,0.11,30,0,30,0,0,0,1.0,,30,0.0,-4.0,0.0,-1.2,2154dadce6ec0ba2f9b62eb6deef3373180fc9fa-dirty,42,exp04_lead_time_20261010T073122Z.csv,open_vs_closed
closed_loop_sensitivity_1e4,0.13,30,0,30,0,0,0,1.0,,30,0.0,-4.0,0.0,-1.2,2154dadce6ec0ba2f9b62eb6deef3373180fc9fa-dirty,42,exp04_lead_time_20261010T073122Z.csv,open_vs_closed
closed_loop_sensitivity_1e4,0.15,30,0,30,0,0,0,1.0,,30,0.0,-4.0,0.0,-1.2,2154dadce6ec0ba2f9b62eb6deef3373180fc9fa-dirty,42,exp04_lead_time_20261010T073122Z.csv,open_vs_closed
closed_loop_sensitivity_1e4,0.17,30,0,30,0,0,0,1.0,,30,0.0,-4.0,0.0,-1.2,2154dadce6ec0ba2f9b62eb6deef3373180fc9fa-dirty,42,exp04_lead_time_20261010T073122Z.csv,open_vs_closed
closed_loop_sensitivity_1e4,0.19,30,0,30,0,0,0,1.0,,30,0.0,-4.0,0.0,-1.2,2154dadce6ec0ba2f9b62eb6deef3373180fc9fa-dirty,42,exp04_lead_time_20261010T073122Z.csv,open_vs_closed
closed_loop_sensitivity_1e4,0.21,30,0,30,0,0,0,1.0,,30,0.0,-4.0,0.0,-1.2,2154dadce6ec0ba2f9b62eb6deef3373180fc9fa-dirty,42,exp04_lead_time_20261010T073122Z.csv,open_vs_closed
closed_loop_sensitivity_1e4,0.23,30,0,30,0,0,0,1.0,,30,0.0,-4.0,0.0,-1.2,2154dadce6ec0ba2f9b62eb6deef3373180fc9fa-dirty,42,exp04_lead_time_20261010T073122Z.csv,open_vs_closed
closed_loop_sensitivity_1e4,0.25,30,0,30,0,0,0,1.0,,30,0.0,-4.0,0.0,-1.2,2154dadce6ec0ba2f9b62eb6deef3373180fc9fa-dirty,42,exp04_lead_time_20261010T073122Z.csv,open_vs_closed
closed_loop_sensitivity_1e4,0.27,30,0,30,0,0,0,1.0,,30,0.0,-4.0,0.0,-1.2,2154dadce6ec0ba2f9b62eb6deef3373180fc9fa-dirty,42,exp04_lead_time_20261010T073122Z.csv,open_vs_closed
closed_loop_sensitivity_1e4,0.29,30,0,30,0,0,0,1.0,,30,0.0,-4.0,0.0,-1.2,2154dadce6ec0ba2f9b62eb6deef3373180fc9fa-dirty,42,exp04_lead_time_20261010T073122Z.csv,open_vs_closed
closed_loop_sensitivity_1e4,0.31,30,0,30,0,0,0,1.0,,30,0.0,-4.0,0.0,-1.2,2154dadce6ec0ba2f9b62eb6deef3373180fc9fa-dirty,42,exp04_lead_time_20261010T073122Z.csv,open_vs_closed
closed_loop_sensitivity_1e4,0.33,30,0,30,0,0,0,1.0,,30,0.0,-4.0,0.0,-1.2,2154dadce6ec0ba2f9b62eb6deef3373180fc9fa-dirty,42,exp04_lead_time_20261010T073122Z.csv,open_vs_closed
closed_loop_sensitivity_1e4,0.35,30,0,30,0,0,0,1.0,,30,0.0,-4.0,0.0,-1.2,2154dadce6ec0ba2f9b62eb6deef3373180fc9fa-dirty,42,exp04_lead_time_20261010T073122Z.csv,open_vs_closed
closed_loop_sensitivity_1e4,0.37,30,0,30,0,0,0,1.0,,30,0.0,-4.0,0.0,-1.2,2154dadce6ec0ba2f9b62eb6deef3373180fc9fa-dirty,42,exp04_lead_time_20261010T073122Z.csv,open_vs_closed
closed_loop_sensitivity_1e4,0.39,30,0,30,0,0,0,1.0,,30,0.0,-4.0,0.0,-1.2,2154dadce6ec0ba2f9b62eb6deef3373180fc9fa-dirty,42,exp04_lead_time_20261010T073122Z.csv,open_vs_closed
closed_loop_sensitivity_1e4,0.41,30,0,30,0,0,0,1.0,,30,0.0,-4.0,0.0,-1.2,2154dadce6ec0ba2f9b62eb6deef3373180fc9fa-dirty,42,exp04_lead_time_20261010T073122Z.csv,open_vs_closed
closed_loop_sensitivity_1e4,0.43,30,0,30,0,0,0,1.0,,30,0.0,-4.0,0.0,-1.2,2154dadce6ec0ba2f9b62eb6deef3373180fc9fa-dirty,42,exp04_lead_time_20261010T073122Z.csv,open_vs_closed
closed_loop_sensitivity_1e4,0.45,30,0,30,0,0,0,1.0,,30,0.0,-4.0,0.0,-1.2,2154dadce6ec0ba2f9b62eb6deef3373180fc9fa-dirty,42,exp04_lead_time_20261010T073122Z.csv,open_vs_closed
closed_loop_sensitivity_1e4,0.47,30,0,30,0,0,0,1.0,,30,0.0,-4.0,0.0,-1.2,2154dadce6ec0ba2f9b62eb6deef3373180fc9fa-dirty,42,exp04_lead_time_20261010T073122Z.csv,open_vs_closed
closed_loop_sensitivity_1e4,0.49,30,0,30,0,0,0,1.0,,30,0.0,-4.0,0.0,-1.2,2154dadce6ec0ba2f9b62eb6deef3373180fc9fa-dirty,42,exp04_lead_time_20261010T073122Z.csv,open_vs_closed
closed_loop_sensitivity_1e4,0.51,30,0,30,0,0,0,1.0,,30,0.0,-4.0,0.0,-1.2,2154dadce6ec0ba2f9b62eb6deef3373180fc9fa-dirty,42,exp04_lead_time_20261010T073122Z.csv,open_vs_closed
closed_loop_sensitivity_1e4,0.53,30,0,30,0,0,0,1.0,,30,0.0,-4.0,0.0,-1.2,2154dadce6ec0ba2f9b62eb6deef3373180fc9fa-dirty,42,exp04_lead_time_20261010T073122Z.csv,open_vs_closed
closed_loop_sensitivity_1e4,0.55,30,0,30,0,0,0,1.0,,30,0.0,-4.0,0.0,-1.2,2154dadce6ec0ba2f9b62eb6deef3373180fc9fa-dirty,42,exp04_lead_time_20261010T073122Z.csv,open_vs_closed
closed_loop_sensitivity_1e4,0.57,30,0,30,0,0,0,1.0,,30,0.0,-4.0,0.0,-1.2,2154dadce6ec0ba2f9b62eb6deef3373180fc9fa-dirty,42,exp04_lead_time_20261010T073122Z.csv,open_vs_closed
closed_loop_sensitivity_1e4,0.59,30,0,30,0,0,0,1.0,,30,0.0,-4.0,0.0,-1.2,2154dadce6ec0ba2f9b62eb6deef3373180fc9fa-dirty,42,exp04_lead_time_20261010T073122Z.csv,open_vs_closed
closed_loop_sensitivity_1e4,0.61,30,0,30,0,0,0,1.0,,30,0.0,-4.0,0.0,-1.2,2154dadce6ec0ba2f9b62eb6deef3373180fc9fa-dirty,42,exp04_lead_time_20261010T073122Z.csv,open_vs_closed
closed_loop_sensitivity_1e4,0.63,30,0,30,0,0,0,1.0,,30,0.0,-4.0,0.0,-1.2,2154dadce6ec0ba2f9b62eb6deef3373180fc9fa-dirty,42,exp04_lead_time_20261010T073122Z.csv,open_vs_closed
closed_loop_sensitivity_1e4,0.65,30,0,30,0,0,0,1.0,,30,0.0,-4.0,0.0,-1.2,2154dadce6ec0ba2f9b62eb6deef3373180fc9fa-dirty,42,exp04_lead_time_20261010T073122Z.csv,open_vs_closed
closed_loop_sensitivity_1e4,0.67,30,0,30,0,0,0,1.0,,30,0.0,-4.0,0.0,-1.2,2154dadce6ec0ba2f9b62eb6deef3373180fc9fa-dirty,42,exp04_lead_time_20261010T073122Z.csv,open_vs_closed
closed_loop_sensitivity_1e4,0.69,30,0,30,0,0,0,1.0,,30,0.0,-4.0,0.0,-1.2,2154dadce6ec0ba2f9b62eb6deef3373180fc9fa-dirty,42,exp04_lead_time_20261010T073122Z.csv,open_vs_closed
closed_loop_sensitivity_1e4,0.71,30,0,30,0,0,0,1.0,,30,0.0,-4.0,0.0,-1.2,2154dadce6ec0ba2f9b62eb6deef3373180fc9fa-dirty,42,exp04_lead_time_20261010T073122Z.csv,open_vs_closed
closed_loop_sensitivity_1e4,0.73,30,0,30,0,0,0,1.0,,30,0.0,-4.0,0.0,-1.2,2154dadce6ec0ba2f9b62eb6deef3373180fc9fa-dirty,42,exp04_lead_time_20261010T073122Z.csv,open_vs_closed
closed_loop_sensitivity_1e4,0.75,30,0,30,0,0,0,1.0,,30,0.0,-4.0,0.0,-1.2,2154dadce6ec0ba2f9b62eb6deef3373180fc9fa-dirty,42,exp04_lead_time_20261010T073122Z.csv,open_vs_closed
closed_loop_sensitivity_1e4,0.77,30,0,30,0,0,0,1.0,,30,0.0,-4.0,0.0,-1.2,2154dadce6ec0ba2f9b62eb6deef3373180fc9fa-dirty,42,exp04_lead_time_20261010T073122Z.csv,open_vs_closed
closed_loop_sensitivity_1e4,0.79,30,0,30,0,0,0,1.0,,30,-1.0,-4.0,0.0,-1.3666666666666667,2154dadce6ec0ba2f9b62eb6deef3373180fc9fa-dirty,42,exp04_lead_time_20261010T073122Z.csv,open_vs_closed
closed_loop_sensitivity_1e4,0.81,30,0,30,0,0,0,1.0,,30,-3.0,-27.0,0.0,-5.066666666666666,2154dadce6ec0ba2f9b62eb6deef3373180fc9fa-dirty,42,exp04_lead_time_20261010T073122Z.csv,open_vs_closed
closed_loop_sensitivity_1e4,0.83,30,0,30,0,0,0,1.0,,30,-3.0,-27.0,0.0,-5.066666666666666,2154dadce6ec0ba2f9b62eb6deef3373180fc9fa-dirty,42,exp04_lead_time_20261010T073122Z.csv,open_vs_closed
closed_loop_sensitivity_1e4,0.85,30,0,30,0,0,0,1.0,,30,-3.0,-27.0,0.0,-5.066666666666666,2154dadce6ec0ba2f9b62eb6deef3373180fc9fa-dirty,42,exp04_lead_time_20261010T073122Z.csv,open_vs_closed
closed_loop_sensitivity_1e4,0.87,30,0,30,0,0,0,1.0,,30,-3.0,-27.0,0.0,-5.066666666666666,2154dadce6ec0ba2f9b62eb6deef3373180fc9fa-dirty,42,exp04_lead_time_20261010T073122Z.csv,open_vs_closed
closed_loop_sensitivity_1e4,0.89,30,0,30,0,0,0,1.0,,30,-3.0,-27.0,0.0,-5.066666666666666,2154dadce6ec0ba2f9b62eb6deef3373180fc9fa-dirty,42,exp04_lead_time_20261010T073122Z.csv,open_vs_closed
closed_loop_sensitivity_1e4,0.91,30,0,30,0,0,0,1.0,,30,-3.0,-27.0,0.0,-5.066666666666666,2154dadce6ec0ba2f9b62eb6deef3373180fc9fa-dirty,42,exp04_lead_time_20261010T073122Z.csv,open_vs_closed
closed_loop_sensitivity_1e4,0.93,30,0,30,0,0,0,1.0,,30,-3.0,-27.0,0.0,-5.2,2154dadce6ec0ba2f9b62eb6deef3373180fc9fa-dirty,42,exp04_lead_time_20261010T073122Z.csv,open_vs_closed
closed_loop_sensitivity_1e4,0.95,30,0,30,0,0,0,1.0,,30,-3.0,-27.0,0.0,-5.8,2154dadce6ec0ba2f9b62eb6deef3373180fc9fa-dirty,42,exp04_lead_time_20261010T073122Z.csv,open_vs_closed
closed_loop_sensitivity_1e4,0.97,30,0,30,0,0,0,1.0,,30,-3.0,-27.0,0.0,-5.8,2154dadce6ec0ba2f9b62eb6deef3373180fc9fa-dirty,42,exp04_lead_time_20261010T073122Z.csv,open_vs_closed
closed_loop_sensitivity_1e4,0.99,30,0,30,0,0,0,1.0,,30,-3.0,-27.0,0.0,-5.8,2154dadce6ec0ba2f9b62eb6deef3373180fc9fa-dirty,42,exp04_lead_time_20261010T073122Z.csv,open_vs_closed
