arm,n_bins,strategy,ece,mce,brier,brier_skill_score,base_rate,n,n_runs,git_sha,source_file,ablation_axis
open_loop,5,uniform,0.00709902556377,0.1210574281103341,0.0104007978897547,0.8302207115164977,0.9344413665743304,21660,30,2154dadce6ec0ba2f9b62eb6deef3373180fc9fa-dirty,exp04_calibration_20261010T073122Z.csv,open_vs_closed
open_loop,5,quantile,0.007098819460564,0.007098819460564,0.0104007978897547,0.8302207115164977,0.9344413665743304,21660,30,2154dadce6ec0ba2f9b62eb6deef3373180fc9fa-dirty,exp04_calibration_20261010T073122Z.csv,open_vs_closed
open_loop,10,uniform,0.0114892473497742,0.4837870500382965,0.0104007978897547,0.8302207115164977,0.9344413665743304,21660,30,2154dadce6ec0ba2f9b62eb6deef3373180fc9fa-dirty,exp04_calibration_20261010T073122Z.csv,open_vs_closed
open_loop,10,quantile,0.0085344870305538,0.0127654185410423,0.0104007978897547,0.8302207115164977,0.9344413665743304,21660,30,2154dadce6ec0ba2f9b62eb6deef3373180fc9fa-dirty,exp04_calibration_20261010T073122Z.csv,open_vs_closed
open_loop,15,uniform,0.0103401397390182,0.1942860830934578,0.0104007978897547,0.8302207115164977,0.9344413665743304,21660,30,2154dadce6ec0ba2f9b62eb6deef3373180fc9fa-dirty,exp04_calibration_20261010T073122Z.csv,open_vs_closed
open_loop,15,quantile,0.0085344870305538,0.0888622879871675,0.0104007978897547,0.8302207115164977,0.9344413665743304,21660,30,2154dadce6ec0ba2f9b62eb6deef3373180fc9fa-dirty,exp04_calibration_20261010T073122Z.csv,open_vs_closed
open_loop,20,uniform,0.0115909280493665,0.4837870500382965,0.0104007978897547,0.8302207115164977,0.9344413665743304,21660,30,2154dadce6ec0ba2f9b62eb6deef3373180fc9fa-dirty,exp04_calibration_20261010T073122Z.csv,open_vs_closed
open_loop,20,quantile,0.0085344870305538,0.1151573115434435,0.0104007978897547,0.8302207115164977,0.9344413665743304,21660,30,2154dadce6ec0ba2f9b62eb6deef3373180fc9fa-dirty,exp04_calibration_20261010T073122Z.csv,open_vs_closed
closed_loop,5,uniform,0.001228170574016,0.4850211503808508,0.0016810150436675,0.9725596496471612,0.9344413665743304,21660,30,2154dadce6ec0ba2f9b62eb6deef3373180fc9fa-dirty,exp04_calibration_20261010T073122Z.csv,open_vs_closed
closed_loop,5,quantile,0.0004153624489706,0.0004153624489706,0.0016810150436675,0.9725596496471612,0.9344413665743304,21660,30,2154dadce6ec0ba2f9b62eb6deef3373180fc9fa-dirty,exp04_calibration_20261010T073122Z.csv,open_vs_closed
closed_loop,10,uniform,0.0012281705740158,0.4850211503808508,0.0016810150436675,0.9725596496471612,0.9344413665743304,21660,30,2154dadce6ec0ba2f9b62eb6deef3373180fc9fa-dirty,exp04_calibration_20261010T073122Z.csv,open_vs_closed
closed_loop,10,quantile,0.0004153624489706,0.0004153624489706,0.0016810150436675,0.9725596496471612,0.9344413665743304,21660,30,2154dadce6ec0ba2f9b62eb6deef3373180fc9fa-dirty,exp04_calibration_20261010T073122Z.csv,open_vs_closed
closed_loop,15,uniform,0.0018874657527248,0.4850211503808508,0.0016810150436675,0.9725596496471612,0.9344413665743304,21660,30,2154dadce6ec0ba2f9b62eb6deef3373180fc9fa-dirty,exp04_calibration_20261010T073122Z.csv,open_vs_closed
closed_loop,15,quantile,0.0009070743694888,0.0036878394038848,0.0016810150436675,0.9725596496471612,0.9344413665743304,21660,30,2154dadce6ec0ba2f9b62eb6deef3373180fc9fa-dirty,exp04_calibration_20261010T073122Z.csv,open_vs_closed
closed_loop,20,uniform,0.0018874657527248,0.4850211503808508,0.0016810150436675,0.9725596496471612,0.9344413665743304,21660,30,2154dadce6ec0ba2f9b62eb6deef3373180fc9fa-dirty,exp04_calibration_20261010T073122Z.csv,open_vs_closed
closed_loop,20,quantile,0.0004153744799514,0.0004372299625906,0.0016810150436675,0.9725596496471612,0.9344413665743304,21660,30,2154dadce6ec0ba2f9b62eb6deef3373180fc9fa-dirty,exp04_calibration_20261010T073122Z.csv,open_vs_closed
physical_only,5,uniform,0.0080332409972299,0.1091593475533249,0.0080332409972299,0.8688679507877304,0.9344413665743304,21660,30,2154dadce6ec0ba2f9b62eb6deef3373180fc9fa-dirty,exp04_calibration_20261010T073122Z.csv,open_vs_closed
physical_only,5,quantile,0.0080332409972299,0.0080332409972299,0.0080332409972299,0.8688679507877304,0.9344413665743304,21660,30,2154dadce6ec0ba2f9b62eb6deef3373180fc9fa-dirty,exp04_calibration_20261010T073122Z.csv,open_vs_closed
physical_only,10,uniform,0.0080332409972299,0.1091593475533249,0.0080332409972299,0.8688679507877304,0.9344413665743304,21660,30,2154dadce6ec0ba2f9b62eb6deef3373180fc9fa-dirty,exp04_calibration_20261010T073122Z.csv,open_vs_closed
physical_only,10,quantile,0.0080332409972299,0.0080332409972299,0.0080332409972299,0.8688679507877304,0.9344413665743304,21660,30,2154dadce6ec0ba2f9b62eb6deef3373180fc9fa-dirty,exp04_calibration_20261010T073122Z.csv,open_vs_closed
physical_only,15,uniform,0.0080332409972299,0.1091593475533249,0.0080332409972299,0.8688679507877304,0.9344413665743304,21660,30,2154dadce6ec0ba2f9b62eb6deef3373180fc9fa-dirty,exp04_calibration_20261010T073122Z.csv,open_vs_closed
physical_only,15,quantile,0.0080332409972299,0.0080332409972299,0.0080332409972299,0.8688679507877304,0.9344413665743304,21660,30,2154dadce6ec0ba2f9b62eb6deef3373180fc9fa-dirty,exp04_calibration_20261010T073122Z.csv,open_vs_closed
physical_only,20,uniform,0.0080332409972299,0.1091593475533249,0.0080332409972299,0.8688679507877304,0.9344413665743304,21660,30,2154dadce6ec0ba2f9b62eb6deef3373180fc9fa-dirty,exp04_calibration_20261010T073122Z.csv,open_vs_closed
physical_only,20,quantile,0.0080332409972299,0.0080332409972299,0.0080332409972299,0.8688679507877304,0.9344413665743304,21660,30,2154dadce6ec0ba2f9b62eb6deef3373180fc9fa-dirty,exp04_calibration_20261010T073122Z.csv,open_vs_closed
closed_loop_sensitivity_1e4,5,uniform,0.0028087005675373,0.2070576448836594,0.0018818041489338,0.9692820327000108,0.9344413665743304,21660,30,2154dadce6ec0ba2f9b62eb6deef3373180fc9fa-dirty,exp04_calibration_20261010T073122Z.csv,open_vs_closed
closed_loop_sensitivity_1e4,5,quantile,0.0028087005675374,0.0028087005675374,0.0018818041489338,0.9692820327000108,0.9344413665743304,21660,30,2154dadce6ec0ba2f9b62eb6deef3373180fc9fa-dirty,exp04_calibration_20261010T073122Z.csv,open_vs_closed
closed_loop_sensitivity_1e4,10,uniform,0.0028087005675373,0.2070576448836594,0.0018818041489338,0.9692820327000108,0.9344413665743304,21660,30,2154dadce6ec0ba2f9b62eb6deef3373180fc9fa-dirty,exp04_calibration_20261010T073122Z.csv,open_vs_closed
closed_loop_sensitivity_1e4,10,quantile,0.0028087005675373,0.0378784517012444,0.0018818041489338,0.9692820327000108,0.9344413665743304,21660,30,2154dadce6ec0ba2f9b62eb6deef3373180fc9fa-dirty,exp04_calibration_20261010T073122Z.csv,open_vs_closed
closed_loop_sensitivity_1e4,15,uniform,0.0028087005675373,0.2070576448836594,0.0018818041489338,0.9692820327000108,0.9344413665743304,21660,30,2154dadce6ec0ba2f9b62eb6deef3373180fc9fa-dirty,exp04_calibration_20261010T073122Z.csv,open_vs_closed
closed_loop_sensitivity_1e4,15,quantile,0.0028087005675372,0.0372139517403501,0.0018818041489338,0.9692820327000108,0.9344413665743304,21660,30,2154dadce6ec0ba2f9b62eb6deef3373180fc9fa-dirty,exp04_calibration_20261010T073122Z.csv,open_vs_closed
closed_loop_sensitivity_1e4,20,uniform,0.0028087005675373,0.2070576448836594,0.0018818041489338,0.9692820327000108,0.9344413665743304,21660,30,2154dadce6ec0ba2f9b62eb6deef3373180fc9fa-dirty,exp04_calibration_20261010T073122Z.csv,open_vs_closed
closed_loop_sensitivity_1e4,20,quantile,0.0028087005819441,0.1166161932530189,0.0018818041489338,0.9692820327000108,0.9344413665743304,21660,30,2154dadce6ec0ba2f9b62eb6deef3373180fc9fa-dirty,exp04_calibration_20261010T073122Z.csv,open_vs_closed
