target,role,detector,attack_type,n_events,n_detected,mean_event_auroc,n_events_auroc_ge_0.9,git_sha,source_file,ablation_axis
01-Basic,exploratory,pca_spe,arp-spoof:arp-spoof-dos,2,2,0.9693209016148732,2,f24afa9489dc0a59612dfdf2bf691b87c7aeb71b-dirty,exp19_attack_type_summary_20261009T163931Z.csv,sherlock_universal_loso
01-Basic,exploratory,pca_spe,control-and-freeze:control-and-freeze,5,5,0.883131144692765,4,f24afa9489dc0a59612dfdf2bf691b87c7aeb71b-dirty,exp19_attack_type_summary_20261009T163931Z.csv,sherlock_universal_loso
01-Basic,exploratory,pca_spe,drift-off:drift-off,4,4,0.7680851724658789,1,f24afa9489dc0a59612dfdf2bf691b87c7aeb71b-dirty,exp19_attack_type_summary_20261009T163931Z.csv,sherlock_universal_loso
01-Basic,exploratory,pca_spe,industroyer:industroyer,7,7,0.702870521438132,1,f24afa9489dc0a59612dfdf2bf691b87c7aeb71b-dirty,exp19_attack_type_summary_20261009T163931Z.csv,sherlock_universal_loso
01-Basic,exploratory,pca_spe_adaptive,arp-spoof:arp-spoof-dos,2,2,0.9725443602257888,2,f24afa9489dc0a59612dfdf2bf691b87c7aeb71b-dirty,exp19_attack_type_summary_20261009T163931Z.csv,sherlock_universal_loso
01-Basic,exploratory,pca_spe_adaptive,control-and-freeze:control-and-freeze,5,5,0.8644981324449713,4,f24afa9489dc0a59612dfdf2bf691b87c7aeb71b-dirty,exp19_attack_type_summary_20261009T163931Z.csv,sherlock_universal_loso
01-Basic,exploratory,pca_spe_adaptive,drift-off:drift-off,4,4,0.7165250315664916,1,f24afa9489dc0a59612dfdf2bf691b87c7aeb71b-dirty,exp19_attack_type_summary_20261009T163931Z.csv,sherlock_universal_loso
01-Basic,exploratory,pca_spe_adaptive,industroyer:industroyer,7,7,0.6990195518461163,1,f24afa9489dc0a59612dfdf2bf691b87c7aeb71b-dirty,exp19_attack_type_summary_20261009T163931Z.csv,sherlock_universal_loso
01-Basic,exploratory,top_k_mean_abs_z,arp-spoof:arp-spoof-dos,2,2,0.9945148800194232,2,f24afa9489dc0a59612dfdf2bf691b87c7aeb71b-dirty,exp19_attack_type_summary_20261009T163931Z.csv,sherlock_universal_loso
01-Basic,exploratory,top_k_mean_abs_z,control-and-freeze:control-and-freeze,5,5,0.8668170868456642,3,f24afa9489dc0a59612dfdf2bf691b87c7aeb71b-dirty,exp19_attack_type_summary_20261009T163931Z.csv,sherlock_universal_loso
01-Basic,exploratory,top_k_mean_abs_z,drift-off:drift-off,4,4,0.6841985089546996,1,f24afa9489dc0a59612dfdf2bf691b87c7aeb71b-dirty,exp19_attack_type_summary_20261009T163931Z.csv,sherlock_universal_loso
01-Basic,exploratory,top_k_mean_abs_z,industroyer:industroyer,7,7,0.7424120600906212,3,f24afa9489dc0a59612dfdf2bf691b87c7aeb71b-dirty,exp19_attack_type_summary_20261009T163931Z.csv,sherlock_universal_loso
01-Basic,exploratory,top_k_mean_abs_z_adaptive,arp-spoof:arp-spoof-dos,2,2,0.9944150946875404,2,f24afa9489dc0a59612dfdf2bf691b87c7aeb71b-dirty,exp19_attack_type_summary_20261009T163931Z.csv,sherlock_universal_loso
01-Basic,exploratory,top_k_mean_abs_z_adaptive,control-and-freeze:control-and-freeze,5,5,0.8706879428892934,3,f24afa9489dc0a59612dfdf2bf691b87c7aeb71b-dirty,exp19_attack_type_summary_20261009T163931Z.csv,sherlock_universal_loso
01-Basic,exploratory,top_k_mean_abs_z_adaptive,drift-off:drift-off,4,4,0.6449314347068282,1,f24afa9489dc0a59612dfdf2bf691b87c7aeb71b-dirty,exp19_attack_type_summary_20261009T163931Z.csv,sherlock_universal_loso
01-Basic,exploratory,top_k_mean_abs_z_adaptive,industroyer:industroyer,7,7,0.7511579321349954,3,f24afa9489dc0a59612dfdf2bf691b87c7aeb71b-dirty,exp19_attack_type_summary_20261009T163931Z.csv,sherlock_universal_loso
02-Semiurban,exploratory,pca_spe,arp-spoof:arp-spoof-dos,6,6,0.9437726954844848,5,f24afa9489dc0a59612dfdf2bf691b87c7aeb71b-dirty,exp19_attack_type_summary_20261009T163931Z.csv,sherlock_universal_loso
02-Semiurban,exploratory,pca_spe,control-and-freeze:control-and-freeze,5,5,0.6861970913694627,2,f24afa9489dc0a59612dfdf2bf691b87c7aeb71b-dirty,exp19_attack_type_summary_20261009T163931Z.csv,sherlock_universal_loso
02-Semiurban,exploratory,pca_spe,drift-off:drift-off,9,9,0.729834978871862,2,f24afa9489dc0a59612dfdf2bf691b87c7aeb71b-dirty,exp19_attack_type_summary_20261009T163931Z.csv,sherlock_universal_loso
02-Semiurban,exploratory,pca_spe,industroyer:industroyer,9,9,0.635875149328577,2,f24afa9489dc0a59612dfdf2bf691b87c7aeb71b-dirty,exp19_attack_type_summary_20261009T163931Z.csv,sherlock_universal_loso
02-Semiurban,exploratory,pca_spe_adaptive,arp-spoof:arp-spoof-dos,6,6,0.9439926235894156,5,f24afa9489dc0a59612dfdf2bf691b87c7aeb71b-dirty,exp19_attack_type_summary_20261009T163931Z.csv,sherlock_universal_loso
02-Semiurban,exploratory,pca_spe_adaptive,control-and-freeze:control-and-freeze,5,5,0.6389252425858508,2,f24afa9489dc0a59612dfdf2bf691b87c7aeb71b-dirty,exp19_attack_type_summary_20261009T163931Z.csv,sherlock_universal_loso
02-Semiurban,exploratory,pca_spe_adaptive,drift-off:drift-off,9,9,0.6990921451656001,2,f24afa9489dc0a59612dfdf2bf691b87c7aeb71b-dirty,exp19_attack_type_summary_20261009T163931Z.csv,sherlock_universal_loso
02-Semiurban,exploratory,pca_spe_adaptive,industroyer:industroyer,9,8,0.6671147650926449,2,f24afa9489dc0a59612dfdf2bf691b87c7aeb71b-dirty,exp19_attack_type_summary_20261009T163931Z.csv,sherlock_universal_loso
02-Semiurban,exploratory,top_k_mean_abs_z,arp-spoof:arp-spoof-dos,6,6,0.9288703718343804,4,f24afa9489dc0a59612dfdf2bf691b87c7aeb71b-dirty,exp19_attack_type_summary_20261009T163931Z.csv,sherlock_universal_loso
02-Semiurban,exploratory,top_k_mean_abs_z,control-and-freeze:control-and-freeze,5,5,0.6980842149079224,1,f24afa9489dc0a59612dfdf2bf691b87c7aeb71b-dirty,exp19_attack_type_summary_20261009T163931Z.csv,sherlock_universal_loso
02-Semiurban,exploratory,top_k_mean_abs_z,drift-off:drift-off,9,9,0.680617647133588,2,f24afa9489dc0a59612dfdf2bf691b87c7aeb71b-dirty,exp19_attack_type_summary_20261009T163931Z.csv,sherlock_universal_loso
02-Semiurban,exploratory,top_k_mean_abs_z,industroyer:industroyer,9,9,0.7499800874849474,3,f24afa9489dc0a59612dfdf2bf691b87c7aeb71b-dirty,exp19_attack_type_summary_20261009T163931Z.csv,sherlock_universal_loso
02-Semiurban,exploratory,top_k_mean_abs_z_adaptive,arp-spoof:arp-spoof-dos,6,6,0.9047630576840006,3,f24afa9489dc0a59612dfdf2bf691b87c7aeb71b-dirty,exp19_attack_type_summary_20261009T163931Z.csv,sherlock_universal_loso
02-Semiurban,exploratory,top_k_mean_abs_z_adaptive,control-and-freeze:control-and-freeze,5,5,0.7565353788800584,1,f24afa9489dc0a59612dfdf2bf691b87c7aeb71b-dirty,exp19_attack_type_summary_20261009T163931Z.csv,sherlock_universal_loso
02-Semiurban,exploratory,top_k_mean_abs_z_adaptive,drift-off:drift-off,9,9,0.6890867772328046,2,f24afa9489dc0a59612dfdf2bf691b87c7aeb71b-dirty,exp19_attack_type_summary_20261009T163931Z.csv,sherlock_universal_loso
02-Semiurban,exploratory,top_k_mean_abs_z_adaptive,industroyer:industroyer,9,7,0.7173022710730904,3,f24afa9489dc0a59612dfdf2bf691b87c7aeb71b-dirty,exp19_attack_type_summary_20261009T163931Z.csv,sherlock_universal_loso
03-Rural,confirmatory,pca_spe,arp-spoof:arp-spoof-dos,6,6,0.9387989535032454,4,f24afa9489dc0a59612dfdf2bf691b87c7aeb71b-dirty,exp19_attack_type_summary_20261009T163931Z.csv,sherlock_universal_loso
03-Rural,confirmatory,pca_spe,control-and-freeze:control-and-freeze,5,5,0.7257836486820487,2,f24afa9489dc0a59612dfdf2bf691b87c7aeb71b-dirty,exp19_attack_type_summary_20261009T163931Z.csv,sherlock_universal_loso
03-Rural,confirmatory,pca_spe,drift-off:drift-off,9,9,0.7616414814355282,3,f24afa9489dc0a59612dfdf2bf691b87c7aeb71b-dirty,exp19_attack_type_summary_20261009T163931Z.csv,sherlock_universal_loso
03-Rural,confirmatory,pca_spe,industroyer:industroyer,8,8,0.7468168699412866,3,f24afa9489dc0a59612dfdf2bf691b87c7aeb71b-dirty,exp19_attack_type_summary_20261009T163931Z.csv,sherlock_universal_loso
03-Rural,confirmatory,pca_spe_adaptive,arp-spoof:arp-spoof-dos,6,6,0.9309175654893028,4,f24afa9489dc0a59612dfdf2bf691b87c7aeb71b-dirty,exp19_attack_type_summary_20261009T163931Z.csv,sherlock_universal_loso
03-Rural,confirmatory,pca_spe_adaptive,control-and-freeze:control-and-freeze,5,5,0.7175520504834315,1,f24afa9489dc0a59612dfdf2bf691b87c7aeb71b-dirty,exp19_attack_type_summary_20261009T163931Z.csv,sherlock_universal_loso
03-Rural,confirmatory,pca_spe_adaptive,drift-off:drift-off,9,9,0.7437867439829235,2,f24afa9489dc0a59612dfdf2bf691b87c7aeb71b-dirty,exp19_attack_type_summary_20261009T163931Z.csv,sherlock_universal_loso
03-Rural,confirmatory,pca_spe_adaptive,industroyer:industroyer,8,8,0.7620627029519171,2,f24afa9489dc0a59612dfdf2bf691b87c7aeb71b-dirty,exp19_attack_type_summary_20261009T163931Z.csv,sherlock_universal_loso
03-Rural,confirmatory,top_k_mean_abs_z,arp-spoof:arp-spoof-dos,6,6,0.939631594012942,3,f24afa9489dc0a59612dfdf2bf691b87c7aeb71b-dirty,exp19_attack_type_summary_20261009T163931Z.csv,sherlock_universal_loso
03-Rural,confirmatory,top_k_mean_abs_z,control-and-freeze:control-and-freeze,5,5,0.7621262976283242,1,f24afa9489dc0a59612dfdf2bf691b87c7aeb71b-dirty,exp19_attack_type_summary_20261009T163931Z.csv,sherlock_universal_loso
03-Rural,confirmatory,top_k_mean_abs_z,drift-off:drift-off,9,9,0.7527410101896808,3,f24afa9489dc0a59612dfdf2bf691b87c7aeb71b-dirty,exp19_attack_type_summary_20261009T163931Z.csv,sherlock_universal_loso
03-Rural,confirmatory,top_k_mean_abs_z,industroyer:industroyer,8,8,0.7810164072865106,4,f24afa9489dc0a59612dfdf2bf691b87c7aeb71b-dirty,exp19_attack_type_summary_20261009T163931Z.csv,sherlock_universal_loso
03-Rural,confirmatory,top_k_mean_abs_z_adaptive,arp-spoof:arp-spoof-dos,6,6,0.9367435243360278,4,f24afa9489dc0a59612dfdf2bf691b87c7aeb71b-dirty,exp19_attack_type_summary_20261009T163931Z.csv,sherlock_universal_loso
03-Rural,confirmatory,top_k_mean_abs_z_adaptive,control-and-freeze:control-and-freeze,5,5,0.7070200521824843,1,f24afa9489dc0a59612dfdf2bf691b87c7aeb71b-dirty,exp19_attack_type_summary_20261009T163931Z.csv,sherlock_universal_loso
03-Rural,confirmatory,top_k_mean_abs_z_adaptive,drift-off:drift-off,9,9,0.7372581943090666,2,f24afa9489dc0a59612dfdf2bf691b87c7aeb71b-dirty,exp19_attack_type_summary_20261009T163931Z.csv,sherlock_universal_loso
03-Rural,confirmatory,top_k_mean_abs_z_adaptive,industroyer:industroyer,8,8,0.8044611491683981,4,f24afa9489dc0a59612dfdf2bf691b87c7aeb71b-dirty,exp19_attack_type_summary_20261009T163931Z.csv,sherlock_universal_loso
