scenario,detector,event_id,start,n_slices,attack_type,n_attack_points,catalog_start_offset_s,mean_score,max_score,event_auroc,detected,delay_slices,frac_slices_alarmed,role,source_file,ablation_axis
01-Basic,pca_spe,0,2151,90,industroyer:industroyer,2,0.517693281173706,5.942638397216797,299.23809814453125,0.7039964841757175,True,0.0,0.4222222222222222,exploratory,exp19_events_20261009T163931Z.csv,sherlock_universal_loso
01-Basic,pca_spe,1,2975,244,drift-off:drift-off,0,0.4751360416412353,191.24533081054688,699.9948120117188,0.9542975087444692,True,1.0,0.930327868852459,exploratory,exp19_events_20261009T163931Z.csv,sherlock_universal_loso
01-Basic,pca_spe,2,3975,85,industroyer:industroyer,1,1.5171184539794922,3.59686017036438,299.99066162109375,0.4564620626145019,True,0.0,0.0235294117647058,exploratory,exp19_events_20261009T163931Z.csv,sherlock_universal_loso
01-Basic,pca_spe,4,5755,181,control-and-freeze:control-and-freeze,0,0.4420056343078613,209.29457092285156,699.341552734375,0.998092872815094,True,1.0,0.994475138121547,exploratory,exp19_events_20261009T163931Z.csv,sherlock_universal_loso
01-Basic,pca_spe,6,7551,63,arp-spoof:arp-spoof-dos,0,1.4444575309753418,109.5743408203125,300.158935546875,0.9388717224641328,True,0.0,0.9047619047619048,exploratory,exp19_events_20261009T163931Z.csv,sherlock_universal_loso
01-Basic,pca_spe,7,8873,93,industroyer:industroyer,2,0.5166938304901123,4.263644218444824,299.933349609375,0.4750336225977167,True,0.0,0.021505376344086,exploratory,exp19_events_20261009T163931Z.csv,sherlock_universal_loso
01-Basic,pca_spe,9,10440,248,drift-off:drift-off,0,0.4741635322570801,1.3350483179092407,300.71435546875,0.6027751803664254,True,1.0,0.2016129032258064,exploratory,exp19_events_20261009T163931Z.csv,sherlock_universal_loso
01-Basic,pca_spe,10,11277,276,control-and-freeze:control-and-freeze,0,0.4619119167327881,1.2181533575057983,300.2059326171875,0.5201100285173008,True,1.0,0.2644927536231884,exploratory,exp19_events_20261009T163931Z.csv,sherlock_universal_loso
01-Basic,pca_spe,11,12113,90,industroyer:industroyer,1,1.511659860610962,3.479219675064087,300.4563903808594,0.6273213967411013,True,0.0,0.3555555555555555,exploratory,exp19_events_20261009T163931Z.csv,sherlock_universal_loso
01-Basic,pca_spe,13,13346,179,control-and-freeze:control-and-freeze,0,1.4519622325897217,206.22088623046875,607.2088012695312,0.9922232115070758,True,1.0,0.988826815642458,exploratory,exp19_events_20261009T163931Z.csv,sherlock_universal_loso
01-Basic,pca_spe,14,14303,298,drift-off:drift-off,0,0.4649598598480224,154.8578338623047,599.5311889648438,0.8926187491019958,True,1.0,0.7919463087248322,exploratory,exp19_events_20261009T163931Z.csv,sherlock_universal_loso
01-Basic,pca_spe,15,14768,89,industroyer:industroyer,1,0.4859297275543213,97.82933044433594,499.55914306640625,0.9878832932530194,True,0.0,1.0,exploratory,exp19_events_20261009T163931Z.csv,sherlock_universal_loso
01-Basic,pca_spe,17,15811,166,control-and-freeze:control-and-freeze,0,0.4449272155761719,231.7740478515625,898.7109375,0.9950542891819532,True,1.0,0.993975903614458,exploratory,exp19_events_20261009T163931Z.csv,sherlock_universal_loso
01-Basic,pca_spe,18,16778,86,industroyer:industroyer,2,1.4757936000823977,17.906164169311523,608.2955322265625,0.840294939863195,True,0.0,0.6627906976744186,exploratory,exp19_events_20261009T163931Z.csv,sherlock_universal_loso
01-Basic,pca_spe,19,17742,64,arp-spoof:arp-spoof-dos,0,1.4439048767089844,323.45391845703125,699.5996704101562,0.9997700807656138,True,0.0,1.0,exploratory,exp19_events_20261009T163931Z.csv,sherlock_universal_loso
01-Basic,pca_spe,20,18143,280,control-and-freeze:control-and-freeze,0,1.444025993347168,183.11834716796875,800.0845947265625,0.9101753214424012,True,1.0,0.8107142857142857,exploratory,exp19_events_20261009T163931Z.csv,sherlock_universal_loso
01-Basic,pca_spe,22,18979,89,industroyer:industroyer,3,1.4758617877960205,17.547853469848633,608.302490234375,0.8291018508216723,True,0.0,0.6741573033707865,exploratory,exp19_events_20261009T163931Z.csv,sherlock_universal_loso
01-Basic,pca_spe,23,19405,249,drift-off:drift-off,0,0.4637205600738525,1.309394598007202,300.0144348144531,0.6226492516506252,True,1.0,0.0522088353413654,exploratory,exp19_events_20261009T163931Z.csv,sherlock_universal_loso
01-Basic,pca_spe_adaptive,0,2151,90,industroyer:industroyer,2,0.517693281173706,20.173492460175567,1032.3004233735187,0.6824823440467629,True,0.0,0.2,exploratory,exp19_events_20261009T163931Z.csv,sherlock_universal_loso
01-Basic,pca_spe_adaptive,1,2975,244,drift-off:drift-off,0,0.4751360416412353,972.5361851813466,3318.664996289029,0.9372871695488424,True,1.0,0.930327868852459,exploratory,exp19_events_20261009T163931Z.csv,sherlock_universal_loso
01-Basic,pca_spe_adaptive,2,3975,85,industroyer:industroyer,1,1.5171184539794922,23.202143034917466,1975.8568278475784,0.4589732158836871,True,0.0,0.0117647058823529,exploratory,exp19_events_20261009T163931Z.csv,sherlock_universal_loso
01-Basic,pca_spe_adaptive,4,5755,181,control-and-freeze:control-and-freeze,0,0.4420056343078613,1654.771999847905,5494.649377449276,0.9814953649779932,True,1.0,0.994475138121547,exploratory,exp19_events_20261009T163931Z.csv,sherlock_universal_loso
01-Basic,pca_spe_adaptive,6,7551,63,arp-spoof:arp-spoof-dos,0,1.4444575309753418,981.7482915926872,2686.6174498942387,0.945101685821938,True,0.0,0.9047619047619048,exploratory,exp19_events_20261009T163931Z.csv,sherlock_universal_loso
01-Basic,pca_spe_adaptive,7,8873,93,industroyer:industroyer,2,0.5166938304901123,38.81571590804812,2767.658038194196,0.5308456477398655,True,0.0,0.021505376344086,exploratory,exp19_events_20261009T163931Z.csv,sherlock_universal_loso
01-Basic,pca_spe_adaptive,9,10440,248,drift-off:drift-off,0,0.4741635322570801,17.71970896493313,4225.282342685042,0.5301546074409292,True,1.0,0.0040322580645161,exploratory,exp19_events_20261009T163931Z.csv,sherlock_universal_loso
01-Basic,pca_spe_adaptive,10,11277,276,control-and-freeze:control-and-freeze,0,0.4619119167327881,16.717607107220893,4387.780661270875,0.4511638217512364,True,1.0,0.0036231884057971,exploratory,exp19_events_20261009T163931Z.csv,sherlock_universal_loso
01-Basic,pca_spe_adaptive,11,12113,90,industroyer:industroyer,1,1.511659860610962,49.44575899694861,4355.71723482002,0.5571880781594782,True,0.0,0.0111111111111111,exploratory,exp19_events_20261009T163931Z.csv,sherlock_universal_loso
01-Basic,pca_spe_adaptive,13,13346,179,control-and-freeze:control-and-freeze,0,1.4519622325897217,2987.4028420734367,8895.13288549706,0.991937345613102,True,1.0,0.988826815642458,exploratory,exp19_events_20261009T163931Z.csv,sherlock_universal_loso
01-Basic,pca_spe_adaptive,14,14303,298,drift-off:drift-off,0,0.4649598598480224,2286.373845525642,8842.405981973205,0.8839711777322439,True,1.0,0.761744966442953,exploratory,exp19_events_20261009T163931Z.csv,sherlock_universal_loso
01-Basic,pca_spe_adaptive,15,14768,89,industroyer:industroyer,1,0.4859297275543213,1343.1080652318103,6939.363408197437,0.9890232358083676,True,0.0,1.0,exploratory,exp19_events_20261009T163931Z.csv,sherlock_universal_loso
01-Basic,pca_spe_adaptive,17,15811,166,control-and-freeze:control-and-freeze,0,0.4449272155761719,2445.8034391933707,9974.50419197039,0.994794690184092,True,1.0,0.993975903614458,exploratory,exp19_events_20261009T163931Z.csv,sherlock_universal_loso
01-Basic,pca_spe_adaptive,18,16778,86,industroyer:industroyer,2,1.4757936000823977,259.8918181242834,8850.751678293345,0.8729028664202617,True,0.0,0.6627906976744186,exploratory,exp19_events_20261009T163931Z.csv,sherlock_universal_loso
01-Basic,pca_spe_adaptive,19,17742,64,arp-spoof:arp-spoof-dos,0,1.4439048767089844,4728.135905200283,10226.55971191236,0.99998703462964,True,0.0,1.0,exploratory,exp19_events_20261009T163931Z.csv,sherlock_universal_loso
01-Basic,pca_spe_adaptive,20,18143,280,control-and-freeze:control-and-freeze,0,1.444025993347168,2683.5671144018015,11720.918905260114,0.903099439698433,True,1.0,0.8107142857142857,exploratory,exp19_events_20261009T163931Z.csv,sherlock_universal_loso
01-Basic,pca_spe_adaptive,22,18979,89,industroyer:industroyer,3,1.4758617877960205,256.50205124334065,8982.158726696856,0.8017214748643909,True,0.0,0.6741573033707865,exploratory,exp19_events_20261009T163931Z.csv,sherlock_universal_loso
01-Basic,pca_spe_adaptive,23,19405,249,drift-off:drift-off,0,0.4637205600738525,17.37446714015567,4259.630875796247,0.5146871715439508,True,1.0,0.0040160642570281,exploratory,exp19_events_20261009T163931Z.csv,sherlock_universal_loso
01-Basic,top_k_mean_abs_z,0,2151,90,industroyer:industroyer,2,0.517693281173706,3.7296667098999023,10.0,0.949771655818013,True,0.0,0.5888888888888889,exploratory,exp19_events_20261009T163931Z.csv,sherlock_universal_loso
01-Basic,top_k_mean_abs_z,1,2975,244,drift-off:drift-off,0,0.4751360416412353,6.689455986022949,10.0,0.961660365449439,True,1.0,0.930327868852459,exploratory,exp19_events_20261009T163931Z.csv,sherlock_universal_loso
01-Basic,top_k_mean_abs_z,2,3975,85,industroyer:industroyer,1,1.5171184539794922,0.8296933174133301,10.0,0.356203690747749,True,0.0,0.0117647058823529,exploratory,exp19_events_20261009T163931Z.csv,sherlock_universal_loso
01-Basic,top_k_mean_abs_z,4,5755,181,control-and-freeze:control-and-freeze,0,0.4420056343078613,9.031185150146484,10.0,0.994043283840734,True,1.0,0.994475138121547,exploratory,exp19_events_20261009T163931Z.csv,sherlock_universal_loso
01-Basic,top_k_mean_abs_z,6,7551,63,arp-spoof:arp-spoof-dos,0,1.4444575309753418,6.347893238067627,10.0,0.9893080833225768,True,0.0,0.9365079365079364,exploratory,exp19_events_20261009T163931Z.csv,sherlock_universal_loso
01-Basic,top_k_mean_abs_z,7,8873,93,industroyer:industroyer,2,0.5166938304901123,3.3885178565979004,10.0,0.9436782080954768,True,0.0,0.3548387096774194,exploratory,exp19_events_20261009T163931Z.csv,sherlock_universal_loso
01-Basic,top_k_mean_abs_z,9,10440,248,drift-off:drift-off,0,0.4741635322570801,0.8024865984916687,10.0,0.3770039722548881,True,1.0,0.0040322580645161,exploratory,exp19_events_20261009T163931Z.csv,sherlock_universal_loso
01-Basic,top_k_mean_abs_z,10,11277,276,control-and-freeze:control-and-freeze,0,0.4619119167327881,0.9118673205375672,10.0,0.4683305232928704,True,1.0,0.0036231884057971,exploratory,exp19_events_20261009T163931Z.csv,sherlock_universal_loso
01-Basic,top_k_mean_abs_z,11,12113,90,industroyer:industroyer,1,1.511659860610962,0.9327651262283324,10.0,0.380123299711727,True,0.0,0.0111111111111111,exploratory,exp19_events_20261009T163931Z.csv,sherlock_universal_loso
01-Basic,top_k_mean_abs_z,13,13346,179,control-and-freeze:control-and-freeze,0,1.4519622325897217,9.059181213378906,10.0,0.9963925269401565,True,1.0,0.988826815642458,exploratory,exp19_events_20261009T163931Z.csv,sherlock_universal_loso
01-Basic,top_k_mean_abs_z,14,14303,298,drift-off:drift-off,0,0.4649598598480224,5.644786834716797,10.0,0.8645638920456972,True,1.0,0.761744966442953,exploratory,exp19_events_20261009T163931Z.csv,sherlock_universal_loso
01-Basic,top_k_mean_abs_z,15,14768,89,industroyer:industroyer,1,0.4859297275543213,7.048721790313721,10.0,0.984811539649676,True,0.0,1.0,exploratory,exp19_events_20261009T163931Z.csv,sherlock_universal_loso
01-Basic,top_k_mean_abs_z,17,15811,166,control-and-freeze:control-and-freeze,0,0.4449272155761719,9.210896492004396,10.0,0.9956349711508532,True,1.0,0.993975903614458,exploratory,exp19_events_20261009T163931Z.csv,sherlock_universal_loso
01-Basic,top_k_mean_abs_z,18,16778,86,industroyer:industroyer,2,1.4757936000823977,3.059583902359009,10.0,0.780636707829942,True,0.0,0.6627906976744186,exploratory,exp19_events_20261009T163931Z.csv,sherlock_universal_loso
01-Basic,top_k_mean_abs_z,19,17742,64,arp-spoof:arp-spoof-dos,0,1.4439048767089844,9.762245178222656,10.0,0.9997216767162692,True,0.0,1.0,exploratory,exp19_events_20261009T163931Z.csv,sherlock_universal_loso
01-Basic,top_k_mean_abs_z,20,18143,280,control-and-freeze:control-and-freeze,0,1.444025993347168,6.8003034591674805,10.0,0.8796841290037063,True,1.0,0.8107142857142857,exploratory,exp19_events_20261009T163931Z.csv,sherlock_universal_loso
01-Basic,top_k_mean_abs_z,22,18979,89,industroyer:industroyer,3,1.4758617877960205,3.1720144748687744,10.0,0.8016593187817657,True,0.0,0.6741573033707865,exploratory,exp19_events_20261009T163931Z.csv,sherlock_universal_loso
01-Basic,top_k_mean_abs_z,23,19405,249,drift-off:drift-off,0,0.4637205600738525,0.9894810914993286,10.0,0.5335658060687737,True,1.0,0.0080321285140562,exploratory,exp19_events_20261009T163931Z.csv,sherlock_universal_loso
01-Basic,top_k_mean_abs_z_adaptive,0,2151,90,industroyer:industroyer,2,0.517693281173706,2.006862992122204,6.729668716005927,0.9256759663906868,True,0.0,0.0111111111111111,exploratory,exp19_events_20261009T163931Z.csv,sherlock_universal_loso
01-Basic,top_k_mean_abs_z_adaptive,1,2975,244,drift-off:drift-off,0,0.4751360416412353,5.811596723786118,9.040091019506002,0.9412232009337108,True,1.0,0.9262295081967212,exploratory,exp19_events_20261009T163931Z.csv,sherlock_universal_loso
01-Basic,top_k_mean_abs_z_adaptive,2,3975,85,industroyer:industroyer,1,1.5171184539794922,-0.1675254202068379,11.44664657560763,0.3703445066691831,True,0.0,0.0117647058823529,exploratory,exp19_events_20261009T163931Z.csv,sherlock_universal_loso
01-Basic,top_k_mean_abs_z_adaptive,4,5755,181,control-and-freeze:control-and-freeze,0,0.4420056343078613,13.799243511993526,15.43006529757166,0.9964412517722684,True,1.0,0.994475138121547,exploratory,exp19_events_20261009T163931Z.csv,sherlock_universal_loso
01-Basic,top_k_mean_abs_z_adaptive,6,7551,63,arp-spoof:arp-spoof-dos,0,1.4444575309753418,9.424454277462926,15.75795344708404,0.9888993380170013,True,0.0,0.9206349206349206,exploratory,exp19_events_20261009T163931Z.csv,sherlock_universal_loso
01-Basic,top_k_mean_abs_z_adaptive,7,8873,93,industroyer:industroyer,2,0.5166938304901123,4.338296545150665,16.378911252093275,0.9487877722597658,True,0.0,0.021505376344086,exploratory,exp19_events_20261009T163931Z.csv,sherlock_universal_loso
01-Basic,top_k_mean_abs_z_adaptive,9,10440,248,drift-off:drift-off,0,0.4741635322570801,-0.3471566088212836,17.133279629407415,0.3049775199995717,True,1.0,0.0040322580645161,exploratory,exp19_events_20261009T163931Z.csv,sherlock_universal_loso
01-Basic,top_k_mean_abs_z_adaptive,10,11277,276,control-and-freeze:control-and-freeze,0,0.4619119167327881,0.013869050267645,17.526123215614387,0.487560259533894,True,1.0,0.0036231884057971,exploratory,exp19_events_20261009T163931Z.csv,sherlock_universal_loso
01-Basic,top_k_mean_abs_z_adaptive,11,12113,90,industroyer:industroyer,1,1.511659860610962,0.212223765670781,17.885814802291875,0.4465434898858587,True,0.0,0.0111111111111111,exploratory,exp19_events_20261009T163931Z.csv,sherlock_universal_loso
01-Basic,top_k_mean_abs_z_adaptive,13,13346,179,control-and-freeze:control-and-freeze,0,1.4519622325897217,17.281586964669295,19.268737108737348,0.998756406100162,True,1.0,0.988826815642458,exploratory,exp19_events_20261009T163931Z.csv,sherlock_universal_loso
01-Basic,top_k_mean_abs_z_adaptive,14,14303,298,drift-off:drift-off,0,0.4649598598480224,10.42281420581127,20.209195440748044,0.8398632546158806,True,1.0,0.761744966442953,exploratory,exp19_events_20261009T163931Z.csv,sherlock_universal_loso
01-Basic,top_k_mean_abs_z_adaptive,15,14768,89,industroyer:industroyer,1,0.4859297275543213,10.37749557494057,16.78207947710456,0.9846797687545102,True,0.0,0.7303370786516854,exploratory,exp19_events_20261009T163931Z.csv,sherlock_universal_loso
01-Basic,top_k_mean_abs_z_adaptive,17,15811,166,control-and-freeze:control-and-freeze,0,0.4449272155761719,9.640626745954762,11.814913502168686,0.9898488127428116,True,1.0,0.993975903614458,exploratory,exp19_events_20261009T163931Z.csv,sherlock_universal_loso
01-Basic,top_k_mean_abs_z_adaptive,18,16778,86,industroyer:industroyer,2,1.4757936000823977,3.556726288039981,15.395504267059966,0.7914759986672002,True,0.0,0.4651162790697674,exploratory,exp19_events_20261009T163931Z.csv,sherlock_universal_loso
01-Basic,top_k_mean_abs_z_adaptive,19,17742,64,arp-spoof:arp-spoof-dos,0,1.4439048767089844,17.38150711646854,17.846860124796702,0.9999308513580794,True,0.0,1.0,exploratory,exp19_events_20261009T163931Z.csv,sherlock_universal_loso
01-Basic,top_k_mean_abs_z_adaptive,20,18143,280,control-and-freeze:control-and-freeze,0,1.444025993347168,11.748067073171873,18.149911750360033,0.8808329842973313,True,1.0,0.8107142857142857,exploratory,exp19_events_20261009T163931Z.csv,sherlock_universal_loso
01-Basic,top_k_mean_abs_z_adaptive,22,18979,89,industroyer:industroyer,3,1.4758617877960205,4.453298158574216,18.467029058077298,0.790598022317763,True,0.0,0.6741573033707865,exploratory,exp19_events_20261009T163931Z.csv,sherlock_universal_loso
01-Basic,top_k_mean_abs_z_adaptive,23,19405,249,drift-off:drift-off,0,0.4637205600738525,-0.0175803656361924,16.995076901327746,0.4936617632781499,True,1.0,0.0080321285140562,exploratory,exp19_events_20261009T163931Z.csv,sherlock_universal_loso
02-Semiurban,pca_spe,0,723,68,arp-spoof:arp-spoof-dos,0,1.5802907943725586,127.12083435058594,302.41961669921875,0.9459792905926416,True,0.0,0.9705882352941176,exploratory,exp19_events_20261009T163931Z.csv,sherlock_universal_loso
02-Semiurban,pca_spe,1,1000,179,control-and-freeze:control-and-freeze,0,0.5889589786529541,208.59913635253903,700.1513061523438,0.9740528599027752,True,1.0,0.994413407821229,exploratory,exp19_events_20261009T163931Z.csv,sherlock_universal_loso
02-Semiurban,pca_spe,2,1625,91,industroyer:industroyer,1,0.0297412872314453,9.768061637878418,216.86477661132812,0.6677696835000205,True,1.0,0.4835164835164835,exploratory,exp19_events_20261009T163931Z.csv,sherlock_universal_loso
02-Semiurban,pca_spe,4,2518,76,arp-spoof:arp-spoof-dos,0,1.5790088176727295,327.71075439453125,600.161376953125,0.9985864708587948,True,0.0,1.0,exploratory,exp19_events_20261009T163931Z.csv,sherlock_universal_loso
02-Semiurban,pca_spe,6,3730,243,drift-off:drift-off,0,1.5960302352905271,2.7120466232299805,300.091552734375,0.5832372600093504,True,1.0,0.3744855967078189,exploratory,exp19_events_20261009T163931Z.csv,sherlock_universal_loso
02-Semiurban,pca_spe,7,4627,339,control-and-freeze:control-and-freeze,0,1.5867455005645752,154.4229736328125,700.0496215820312,0.9147872865407916,True,1.0,0.8731563421828908,exploratory,exp19_events_20261009T163931Z.csv,sherlock_universal_loso
02-Semiurban,pca_spe,8,5019,248,drift-off:drift-off,0,0.6706545352935791,142.81338500976562,400.1002807617187,0.8031465204784343,True,0.0,0.7419354838709677,exploratory,exp19_events_20261009T163931Z.csv,sherlock_universal_loso
02-Semiurban,pca_spe,10,6279,85,industroyer:industroyer,1,1.0236527919769287,4.599523544311523,300.089111328125,0.6234948960857751,True,0.0,0.3529411764705882,exploratory,exp19_events_20261009T163931Z.csv,sherlock_universal_loso
02-Semiurban,pca_spe,11,6897,62,arp-spoof:arp-spoof-dos,0,0.5780141353607178,117.96658325195312,300.6247253417969,0.9200062421972536,True,0.0,0.9193548387096774,exploratory,exp19_events_20261009T163931Z.csv,sherlock_universal_loso
02-Semiurban,pca_spe,12,7305,298,drift-off:drift-off,0,0.6978354454040527,1.342953324317932,300.1098327636719,0.7571517147190174,True,1.0,0.7181208053691275,exploratory,exp19_events_20261009T163931Z.csv,sherlock_universal_loso
02-Semiurban,pca_spe,14,8467,278,control-and-freeze:control-and-freeze,0,0.5836775302886963,0.2136323004961013,0.7931246757507324,0.6194141316160555,True,1.0,0.2877697841726618,exploratory,exp19_events_20261009T163931Z.csv,sherlock_universal_loso
02-Semiurban,pca_spe,15,8798,163,control-and-freeze:control-and-freeze,0,0.5817747116088867,2.529693603515625,300.102294921875,0.5551653224879942,True,0.0,0.2147239263803681,exploratory,exp19_events_20261009T163931Z.csv,sherlock_universal_loso
02-Semiurban,pca_spe,16,9320,248,drift-off:drift-off,0,1.67828106880188,2.5341930389404297,300.1029052734375,0.5348223994200798,True,1.0,0.1048387096774193,exploratory,exp19_events_20261009T163931Z.csv,sherlock_universal_loso
02-Semiurban,pca_spe,17,9785,61,arp-spoof:arp-spoof-dos,0,1.577375411987305,303.43902587890625,700.0846557617188,0.9988794744274576,True,0.0,1.0,exploratory,exp19_events_20261009T163931Z.csv,sherlock_universal_loso
02-Semiurban,pca_spe,18,10120,279,control-and-freeze:control-and-freeze,0,1.5798797607421875,1.148115873336792,300.0155029296875,0.367565856299697,True,1.0,0.043010752688172,exploratory,exp19_events_20261009T163931Z.csv,sherlock_universal_loso
02-Semiurban,pca_spe,19,10984,297,drift-off:drift-off,0,1.694185495376587,155.43031311035156,500.2031555175781,0.8864365670857556,True,0.0,0.8013468013468014,exploratory,exp19_events_20261009T163931Z.csv,sherlock_universal_loso
02-Semiurban,pca_spe,21,11955,273,drift-off:drift-off,0,1.6186532974243164,2.284982681274414,300.1292724609375,0.3775152853804539,True,1.0,0.1282051282051282,exploratory,exp19_events_20261009T163931Z.csv,sherlock_universal_loso
02-Semiurban,pca_spe,22,12598,66,arp-spoof:arp-spoof-dos,0,0.5767390727996826,110.7260284423828,300.40203857421875,0.9293213029168084,True,1.0,0.9393939393939394,exploratory,exp19_events_20261009T163931Z.csv,sherlock_universal_loso
02-Semiurban,pca_spe,23,12957,52,arp-spoof:arp-spoof-dos,0,1.5761499404907229,96.239990234375,300.1716613769531,0.8698633919139538,True,10.0,0.8076923076923077,exploratory,exp19_events_20261009T163931Z.csv,sherlock_universal_loso
02-Semiurban,pca_spe,24,13488,93,industroyer:industroyer,2,0.9702138900756836,17.082962036132812,217.20263671875,0.7771575852764689,True,1.0,0.6559139784946236,exploratory,exp19_events_20261009T163931Z.csv,sherlock_universal_loso
02-Semiurban,pca_spe,25,13828,91,industroyer:industroyer,1,1.776968240737915,4.2968034744262695,378.1076965332031,0.5766946536609457,True,0.0,0.1978021978021978,exploratory,exp19_events_20261009T163931Z.csv,sherlock_universal_loso
02-Semiurban,pca_spe,27,14803,244,drift-off:drift-off,0,1.6133716106414795,191.93553161621097,700.6766967773438,0.939483688422259,True,2.0,0.930327868852459,exploratory,exp19_events_20261009T163931Z.csv,sherlock_universal_loso
02-Semiurban,pca_spe,29,16593,89,industroyer:industroyer,1,1.7806298732757568,24.81137466430664,200.00567626953125,0.9566202359410289,True,0.0,1.0,exploratory,exp19_events_20261009T163931Z.csv,sherlock_universal_loso
02-Semiurban,pca_spe,30,16937,86,industroyer:industroyer,2,1.883660078048706,4.468745231628418,300.088623046875,0.413611619196934,True,0.0,0.0232558139534883,exploratory,exp19_events_20261009T163931Z.csv,sherlock_universal_loso
02-Semiurban,pca_spe,31,17238,90,industroyer:industroyer,1,0.8535051345825195,0.9295800924301147,77.9157943725586,0.3527874878623942,True,1.0,0.0111111111111111,exploratory,exp19_events_20261009T163931Z.csv,sherlock_universal_loso
02-Semiurban,pca_spe,32,17632,221,drift-off:drift-off,0,1.6065406799316406,196.42123413085935,400.0569152832031,0.9538221453951792,True,2.0,0.9819004524886876,exploratory,exp19_events_20261009T163931Z.csv,sherlock_universal_loso
02-Semiurban,pca_spe,34,19084,471,drift-off:drift-off,0,0.6024372577667236,124.92009735107422,400.1061706542969,0.7328992289362289,True,0.0,0.6794055201698513,exploratory,exp19_events_20261009T163931Z.csv,sherlock_universal_loso
02-Semiurban,pca_spe,35,19597,110,industroyer:industroyer,1,0.901437759399414,213.1878204345703,422.5596008300781,0.987964759959142,True,0.0,1.0,exploratory,exp19_events_20261009T163931Z.csv,sherlock_universal_loso
02-Semiurban,pca_spe,36,20196,97,industroyer:industroyer,1,0.7246618270874023,0.1052140295505523,0.5230953693389893,0.3667754224744842,True,24.0,0.1649484536082474,exploratory,exp19_events_20261009T163931Z.csv,sherlock_universal_loso
02-Semiurban,pca_spe_adaptive,0,723,68,arp-spoof:arp-spoof-dos,0,1.5802907943725586,2275.4171681658,5825.187668407544,0.97899133436146,True,0.0,0.9558823529411764,exploratory,exp19_events_20261009T163931Z.csv,sherlock_universal_loso
02-Semiurban,pca_spe_adaptive,1,1000,179,control-and-freeze:control-and-freeze,0,0.5889589786529541,2339.9329333478113,9426.575926889302,0.994898834557362,True,1.0,0.994413407821229,exploratory,exp19_events_20261009T163931Z.csv,sherlock_universal_loso
02-Semiurban,pca_spe_adaptive,2,1625,91,industroyer:industroyer,1,0.0297412872314453,87.50070626289829,2002.5634221508803,0.6462670288512986,True,1.0,0.4175824175824176,exploratory,exp19_events_20261009T163931Z.csv,sherlock_universal_loso
02-Semiurban,pca_spe_adaptive,4,2518,76,arp-spoof:arp-spoof-dos,0,1.5790088176727295,2395.512537618268,4394.199113374058,0.9983425323608648,True,0.0,1.0,exploratory,exp19_events_20261009T163931Z.csv,sherlock_universal_loso
02-Semiurban,pca_spe_adaptive,6,3730,243,drift-off:drift-off,0,1.5960302352905271,22.658338112460424,2612.7641975705023,0.570629049079597,True,1.0,0.1440329218106996,exploratory,exp19_events_20261009T163931Z.csv,sherlock_universal_loso
02-Semiurban,pca_spe_adaptive,7,4627,339,control-and-freeze:control-and-freeze,0,1.5867455005645752,1352.8008507509996,6155.713124515455,0.9003196594227717,True,1.0,0.8082595870206489,exploratory,exp19_events_20261009T163931Z.csv,sherlock_universal_loso
02-Semiurban,pca_spe_adaptive,8,5019,248,drift-off:drift-off,0,0.6706545352935791,1095.8972198271358,3228.3734163364215,0.742388546574846,True,0.0,0.7137096774193549,exploratory,exp19_events_20261009T163931Z.csv,sherlock_universal_loso
02-Semiurban,pca_spe_adaptive,10,6279,85,industroyer:industroyer,1,1.0236527919769287,11.97406789444276,817.5143296890946,0.4752052581332158,True,0.0,0.0235294117647058,exploratory,exp19_events_20261009T163931Z.csv,sherlock_universal_loso
02-Semiurban,pca_spe_adaptive,11,6897,62,arp-spoof:arp-spoof-dos,0,0.5780141353607178,501.3848567090125,1279.183692085943,0.9114997382304378,True,0.0,0.9032258064516128,exploratory,exp19_events_20261009T163931Z.csv,sherlock_universal_loso
02-Semiurban,pca_spe_adaptive,12,7305,298,drift-off:drift-off,0,0.6978354454040527,6.166183888737247,1518.270198846722,0.7129343354364092,True,2.0,0.0033557046979865,exploratory,exp19_events_20261009T163931Z.csv,sherlock_universal_loso
02-Semiurban,pca_spe_adaptive,14,8467,278,control-and-freeze:control-and-freeze,0,0.5836775302886963,0.4010317138902243,4.305760552423961,0.5033009547418246,True,256.0,0.0107913669064748,exploratory,exp19_events_20261009T163931Z.csv,sherlock_universal_loso
02-Semiurban,pca_spe_adaptive,15,8798,163,control-and-freeze:control-and-freeze,0,0.5817747116088867,16.356257468220253,2051.4917453337043,0.4507054065853266,True,0.0,0.0552147239263803,exploratory,exp19_events_20261009T163931Z.csv,sherlock_universal_loso
02-Semiurban,pca_spe_adaptive,16,9320,248,drift-off:drift-off,0,1.67828106880188,18.095399673216452,2242.3554788156016,0.5028794651846482,True,1.0,0.0080645161290322,exploratory,exp19_events_20261009T163931Z.csv,sherlock_universal_loso
02-Semiurban,pca_spe_adaptive,17,9785,61,arp-spoof:arp-spoof-dos,0,1.577375411987305,2330.296425925133,5370.102180035818,0.9980147766112032,True,0.0,1.0,exploratory,exp19_events_20261009T163931Z.csv,sherlock_universal_loso
02-Semiurban,pca_spe_adaptive,18,10120,279,control-and-freeze:control-and-freeze,0,1.5798797607421875,8.162360517240069,2350.7202387997872,0.345401357621969,True,1.0,0.003584229390681,exploratory,exp19_events_20261009T163931Z.csv,sherlock_universal_loso
02-Semiurban,pca_spe_adaptive,19,10984,297,drift-off:drift-off,0,1.694185495376587,1248.063897078507,4009.51814328787,0.8599086999836064,True,1.0,0.7609427609427609,exploratory,exp19_events_20261009T163931Z.csv,sherlock_universal_loso
02-Semiurban,pca_spe_adaptive,21,11955,273,drift-off:drift-off,0,1.6186532974243164,15.779263553605054,2218.342024014526,0.2477701865342314,True,1.0,0.0073260073260073,exploratory,exp19_events_20261009T163931Z.csv,sherlock_universal_loso
02-Semiurban,pca_spe_adaptive,22,12598,66,arp-spoof:arp-spoof-dos,0,0.5767390727996826,567.3316539240227,1570.6268129134676,0.9091202285022508,True,1.0,0.9090909090909092,exploratory,exp19_events_20261009T163931Z.csv,sherlock_universal_loso
02-Semiurban,pca_spe_adaptive,23,12957,52,arp-spoof:arp-spoof-dos,0,1.5761499404907229,556.0993076423475,1735.918667351902,0.8679871314702775,True,10.0,0.8076923076923077,exploratory,exp19_events_20261009T163931Z.csv,sherlock_universal_loso
02-Semiurban,pca_spe_adaptive,24,13488,93,industroyer:industroyer,2,0.9702138900756836,120.6805706861806,1533.3459530559803,0.7967178124119045,True,1.0,0.6559139784946236,exploratory,exp19_events_20261009T163931Z.csv,sherlock_universal_loso
02-Semiurban,pca_spe_adaptive,25,13828,91,industroyer:industroyer,1,1.776968240737915,32.211659013727456,2900.069415468022,0.5942901044024639,True,0.0,0.0109890109890109,exploratory,exp19_events_20261009T163931Z.csv,sherlock_universal_loso
02-Semiurban,pca_spe_adaptive,27,14803,244,drift-off:drift-off,0,1.6133716106414795,1509.4902955973023,5501.733271922726,0.932020425288062,True,2.0,0.930327868852459,exploratory,exp19_events_20261009T163931Z.csv,sherlock_universal_loso
02-Semiurban,pca_spe_adaptive,29,16593,89,industroyer:industroyer,1,1.7806298732757568,197.18462837248484,1592.5813137105115,0.956944970472303,True,0.0,1.0,exploratory,exp19_events_20261009T163931Z.csv,sherlock_universal_loso
02-Semiurban,pca_spe_adaptive,30,16937,86,industroyer:industroyer,2,1.883660078048706,35.33217023933206,2400.7904660476056,0.6009319745666754,True,0.0,0.0232558139534883,exploratory,exp19_events_20261009T163931Z.csv,sherlock_universal_loso
02-Semiurban,pca_spe_adaptive,31,17238,90,industroyer:industroyer,1,0.8535051345825195,7.045296922288368,625.3752126768308,0.5626681925371064,True,1.0,0.0111111111111111,exploratory,exp19_events_20261009T163931Z.csv,sherlock_universal_loso
02-Semiurban,pca_spe_adaptive,32,17632,221,drift-off:drift-off,0,1.6065406799316406,1590.0430822454016,3230.383723481459,0.9870995531603596,True,3.0,0.9773755656108596,exploratory,exp19_events_20261009T163931Z.csv,sherlock_universal_loso
02-Semiurban,pca_spe_adaptive,34,19084,471,drift-off:drift-off,0,0.6024372577667236,1035.8163738198307,3308.552686757005,0.736199045248641,True,3.0,0.6220806794055201,exploratory,exp19_events_20261009T163931Z.csv,sherlock_universal_loso
02-Semiurban,pca_spe_adaptive,35,19597,110,industroyer:industroyer,1,0.901437759399414,1775.5360755720774,3519.1671353408706,0.9996328453070026,True,0.0,1.0,exploratory,exp19_events_20261009T163931Z.csv,sherlock_universal_loso
02-Semiurban,pca_spe_adaptive,36,20196,97,industroyer:industroyer,1,0.7246618270874023,0.0516904558266793,3.5574688918455553,0.3713746991518334,False,,0.0,exploratory,exp19_events_20261009T163931Z.csv,sherlock_universal_loso
02-Semiurban,top_k_mean_abs_z,0,723,68,arp-spoof:arp-spoof-dos,0,1.5802907943725586,5.188187122344971,10.0,0.9341425240508188,True,0.0,0.9411764705882352,exploratory,exp19_events_20261009T163931Z.csv,sherlock_universal_loso
02-Semiurban,top_k_mean_abs_z,1,1000,179,control-and-freeze:control-and-freeze,0,0.5889589786529541,8.466157913208008,10.0,0.9944100949232454,True,0.0,1.0,exploratory,exp19_events_20261009T163931Z.csv,sherlock_universal_loso
02-Semiurban,top_k_mean_abs_z,2,1625,91,industroyer:industroyer,1,0.0297412872314453,3.754146099090576,10.0,0.8990201122223593,True,1.0,0.912087912087912,exploratory,exp19_events_20261009T163931Z.csv,sherlock_universal_loso
02-Semiurban,top_k_mean_abs_z,4,2518,76,arp-spoof:arp-spoof-dos,0,1.5790088176727295,9.8482027053833,10.0,0.9977289900781916,True,0.0,1.0,exploratory,exp19_events_20261009T163931Z.csv,sherlock_universal_loso
02-Semiurban,top_k_mean_abs_z,6,3730,243,drift-off:drift-off,0,1.5960302352905271,1.3008079528808594,10.0,0.451650200623706,True,1.0,0.0864197530864197,exploratory,exp19_events_20261009T163931Z.csv,sherlock_universal_loso
02-Semiurban,top_k_mean_abs_z,7,4627,339,control-and-freeze:control-and-freeze,0,1.5867455005645752,6.79294490814209,10.0,0.8688158975322146,True,1.0,0.8082595870206489,exploratory,exp19_events_20261009T163931Z.csv,sherlock_universal_loso
02-Semiurban,top_k_mean_abs_z,8,5019,248,drift-off:drift-off,0,0.6706545352935791,5.432254791259766,10.0,0.8387841810639926,True,0.0,0.7137096774193549,exploratory,exp19_events_20261009T163931Z.csv,sherlock_universal_loso
02-Semiurban,top_k_mean_abs_z,10,6279,85,industroyer:industroyer,1,1.0236527919769287,3.234368085861206,10.0,0.9134680913563928,True,0.0,1.0,exploratory,exp19_events_20261009T163931Z.csv,sherlock_universal_loso
02-Semiurban,top_k_mean_abs_z,11,6897,62,arp-spoof:arp-spoof-dos,0,0.5780141353607178,4.657721519470215,10.0,0.8929191333413877,True,0.0,0.9193548387096774,exploratory,exp19_events_20261009T163931Z.csv,sherlock_universal_loso
02-Semiurban,top_k_mean_abs_z,12,7305,298,drift-off:drift-off,0,0.6978354454040527,1.431636929512024,10.0,0.5036333567939404,True,2.0,0.1644295302013423,exploratory,exp19_events_20261009T163931Z.csv,sherlock_universal_loso
02-Semiurban,top_k_mean_abs_z,14,8467,278,control-and-freeze:control-and-freeze,0,0.5836775302886963,1.1117182970046997,3.515146017074585,0.4392932844735447,True,79.0,0.0071942446043165,exploratory,exp19_events_20261009T163931Z.csv,sherlock_universal_loso
02-Semiurban,top_k_mean_abs_z,15,8798,163,control-and-freeze:control-and-freeze,0,0.5817747116088867,2.3792190551757812,10.0,0.7869888482954589,True,2.0,0.5153374233128835,exploratory,exp19_events_20261009T163931Z.csv,sherlock_universal_loso
02-Semiurban,top_k_mean_abs_z,16,9320,248,drift-off:drift-off,0,1.67828106880188,1.10830557346344,10.0,0.398967646288913,True,1.0,0.0161290322580645,exploratory,exp19_events_20261009T163931Z.csv,sherlock_universal_loso
02-Semiurban,top_k_mean_abs_z,17,9785,61,arp-spoof:arp-spoof-dos,0,1.577375411987305,9.816003799438477,10.0,0.9975517283723214,True,0.0,1.0,exploratory,exp19_events_20261009T163931Z.csv,sherlock_universal_loso
02-Semiurban,top_k_mean_abs_z,18,10120,279,control-and-freeze:control-and-freeze,0,1.5798797607421875,1.1417559385299685,10.0,0.4009129493151481,True,1.0,0.1433691756272401,exploratory,exp19_events_20261009T163931Z.csv,sherlock_universal_loso
02-Semiurban,top_k_mean_abs_z,19,10984,297,drift-off:drift-off,0,1.694185495376587,5.904184341430664,10.0,0.8340840784036789,True,1.0,0.8080808080808081,exploratory,exp19_events_20261009T163931Z.csv,sherlock_universal_loso
02-Semiurban,top_k_mean_abs_z,21,11955,273,drift-off:drift-off,0,1.6186532974243164,1.125701904296875,10.0,0.4112133185166893,True,1.0,0.0366300366300366,exploratory,exp19_events_20261009T163931Z.csv,sherlock_universal_loso
02-Semiurban,top_k_mean_abs_z,22,12598,66,arp-spoof:arp-spoof-dos,0,0.5767390727996826,4.624756336212158,10.0,0.917364657814096,True,1.0,0.9242424242424242,exploratory,exp19_events_20261009T163931Z.csv,sherlock_universal_loso
02-Semiurban,top_k_mean_abs_z,23,12957,52,arp-spoof:arp-spoof-dos,0,1.5761499404907229,3.926625251770019,10.0,0.833515197349467,True,10.0,0.8076923076923077,exploratory,exp19_events_20261009T163931Z.csv,sherlock_universal_loso
02-Semiurban,top_k_mean_abs_z,24,13488,93,industroyer:industroyer,2,0.9702138900756836,3.167025566101074,10.0,0.7583689071456379,True,1.0,0.6666666666666666,exploratory,exp19_events_20261009T163931Z.csv,sherlock_universal_loso
02-Semiurban,top_k_mean_abs_z,25,13828,91,industroyer:industroyer,1,1.776968240737915,1.4248805046081543,10.0,0.5435454994443759,True,0.0,0.0439560439560439,exploratory,exp19_events_20261009T163931Z.csv,sherlock_universal_loso
02-Semiurban,top_k_mean_abs_z,27,14803,244,drift-off:drift-off,0,1.6133716106414795,6.8266119956970215,10.0,0.9357965708847548,True,2.0,0.930327868852459,exploratory,exp19_events_20261009T163931Z.csv,sherlock_universal_loso
02-Semiurban,top_k_mean_abs_z,29,16593,89,industroyer:industroyer,1,1.7806298732757568,4.3996992111206055,7.122486114501953,0.9491927225799212,True,0.0,1.0,exploratory,exp19_events_20261009T163931Z.csv,sherlock_universal_loso
02-Semiurban,top_k_mean_abs_z,30,16937,86,industroyer:industroyer,2,1.883660078048706,2.7170145511627197,10.0,0.8718299073832129,True,0.0,0.7209302325581395,exploratory,exp19_events_20261009T163931Z.csv,sherlock_universal_loso
02-Semiurban,top_k_mean_abs_z,31,17238,90,industroyer:industroyer,1,0.8535051345825195,0.8129225969314575,3.5577468872070312,0.2813150228880566,True,1.0,0.0111111111111111,exploratory,exp19_events_20261009T163931Z.csv,sherlock_universal_loso
02-Semiurban,top_k_mean_abs_z,32,17632,221,drift-off:drift-off,0,1.6065406799316406,7.047914028167725,10.0,0.9659982431462936,True,3.0,0.986425339366516,exploratory,exp19_events_20261009T163931Z.csv,sherlock_universal_loso
02-Semiurban,top_k_mean_abs_z,34,19084,471,drift-off:drift-off,0,0.6024372577667236,4.918391227722168,10.0,0.7854312284803232,True,1.0,0.6263269639065817,exploratory,exp19_events_20261009T163931Z.csv,sherlock_universal_loso
02-Semiurban,top_k_mean_abs_z,35,19597,110,industroyer:industroyer,1,0.901437759399414,8.603371620178223,10.0,0.9874500624219724,True,0.0,1.0,exploratory,exp19_events_20261009T163931Z.csv,sherlock_universal_loso
02-Semiurban,top_k_mean_abs_z,36,20196,97,industroyer:industroyer,1,0.7246618270874023,1.340112566947937,3.675248146057129,0.5456304619225968,True,16.0,0.0206185567010309,exploratory,exp19_events_20261009T163931Z.csv,sherlock_universal_loso
02-Semiurban,top_k_mean_abs_z_adaptive,0,723,68,arp-spoof:arp-spoof-dos,0,1.5802907943725586,10.48709353193242,22.375670551059123,0.9796155540868032,True,0.0,0.9411764705882352,exploratory,exp19_events_20261009T163931Z.csv,sherlock_universal_loso
02-Semiurban,top_k_mean_abs_z_adaptive,1,1000,179,control-and-freeze:control-and-freeze,0,0.5889589786529541,14.503285961066531,20.218707765832136,0.9995905955544396,True,0.0,1.0,exploratory,exp19_events_20261009T163931Z.csv,sherlock_universal_loso
02-Semiurban,top_k_mean_abs_z_adaptive,2,1625,91,industroyer:industroyer,1,0.0297412872314453,3.933029218243783,14.362916835729711,0.9302081189721638,True,1.0,0.4945054945054945,exploratory,exp19_events_20261009T163931Z.csv,sherlock_universal_loso
02-Semiurban,top_k_mean_abs_z_adaptive,4,2518,76,arp-spoof:arp-spoof-dos,0,1.5790088176727295,8.06044336339647,8.272179462340786,0.9922251790525002,True,0.0,1.0,exploratory,exp19_events_20261009T163931Z.csv,sherlock_universal_loso
02-Semiurban,top_k_mean_abs_z_adaptive,6,3730,243,drift-off:drift-off,0,1.5960302352905271,0.080712733728827,11.51579842636251,0.4437010321460314,True,1.0,0.0658436213991769,exploratory,exp19_events_20261009T163931Z.csv,sherlock_universal_loso
02-Semiurban,top_k_mean_abs_z_adaptive,7,4627,339,control-and-freeze:control-and-freeze,0,1.5867455005645752,8.07877242289141,12.847957632293888,0.867061269283602,True,1.0,0.8082595870206489,exploratory,exp19_events_20261009T163931Z.csv,sherlock_universal_loso
02-Semiurban,top_k_mean_abs_z_adaptive,8,5019,248,drift-off:drift-off,0,0.6706545352935791,5.492724980582164,12.289025096937005,0.836768807136241,True,0.0,0.7137096774193549,exploratory,exp19_events_20261009T163931Z.csv,sherlock_universal_loso
02-Semiurban,top_k_mean_abs_z_adaptive,10,6279,85,industroyer:industroyer,1,1.0236527919769287,0.3509585638754502,3.6153270205304926,0.6741103032973489,True,0.0,0.0117647058823529,exploratory,exp19_events_20261009T163931Z.csv,sherlock_universal_loso
02-Semiurban,top_k_mean_abs_z_adaptive,11,6897,62,arp-spoof:arp-spoof-dos,0,0.5780141353607178,1.6239674881111563,4.405865287432567,0.8363930167935242,True,0.0,0.1290322580645161,exploratory,exp19_events_20261009T163931Z.csv,sherlock_universal_loso
02-Semiurban,top_k_mean_abs_z_adaptive,12,7305,298,drift-off:drift-off,0,0.6978354454040527,0.2102529585159152,6.57403075044523,0.5697087952140362,True,2.0,0.0033557046979865,exploratory,exp19_events_20261009T163931Z.csv,sherlock_universal_loso
02-Semiurban,top_k_mean_abs_z_adaptive,14,8467,278,control-and-freeze:control-and-freeze,0,0.5836775302886963,0.2492613325907902,3.09117577049944,0.6114705988018574,True,210.0,0.0035971223021582,exploratory,exp19_events_20261009T163931Z.csv,sherlock_universal_loso
02-Semiurban,top_k_mean_abs_z_adaptive,15,8798,163,control-and-freeze:control-and-freeze,0,0.5817747116088867,1.7685970931453807,10.968288312938112,0.8482158038648009,True,2.0,0.0184049079754601,exploratory,exp19_events_20261009T163931Z.csv,sherlock_universal_loso
02-Semiurban,top_k_mean_abs_z_adaptive,16,9320,248,drift-off:drift-off,0,1.67828106880188,0.1975834007686363,11.33718533203954,0.5580874209657283,True,1.0,0.0161290322580645,exploratory,exp19_events_20261009T163931Z.csv,sherlock_universal_loso
02-Semiurban,top_k_mean_abs_z_adaptive,17,9785,61,arp-spoof:arp-spoof-dos,0,1.577375411987305,11.306345973624008,11.559805153558951,0.9992857289044432,True,0.0,1.0,exploratory,exp19_events_20261009T163931Z.csv,sherlock_universal_loso
02-Semiurban,top_k_mean_abs_z_adaptive,18,10120,279,control-and-freeze:control-and-freeze,0,1.5798797607421875,0.0383900170204686,11.697529370596532,0.4563386268955919,True,1.0,0.003584229390681,exploratory,exp19_events_20261009T163931Z.csv,sherlock_universal_loso
02-Semiurban,top_k_mean_abs_z_adaptive,19,10984,297,drift-off:drift-off,0,1.694185495376587,6.464394668507349,12.106994558277927,0.8428017167093321,True,1.0,0.7609427609427609,exploratory,exp19_events_20261009T163931Z.csv,sherlock_universal_loso
02-Semiurban,top_k_mean_abs_z_adaptive,21,11955,273,drift-off:drift-off,0,1.6186532974243164,-0.3987682422804794,7.399028862976168,0.3136002158474069,True,1.0,0.0073260073260073,exploratory,exp19_events_20261009T163931Z.csv,sherlock_universal_loso
02-Semiurban,top_k_mean_abs_z_adaptive,22,12598,66,arp-spoof:arp-spoof-dos,0,0.5767390727996826,1.8290863272341855,5.949659063146457,0.8493228161767488,True,1.0,0.106060606060606,exploratory,exp19_events_20261009T163931Z.csv,sherlock_universal_loso
02-Semiurban,top_k_mean_abs_z_adaptive,23,12957,52,arp-spoof:arp-spoof-dos,0,1.5761499404907229,1.539193450538666,5.811540556541766,0.7717360510899837,True,10.0,0.1153846153846153,exploratory,exp19_events_20261009T163931Z.csv,sherlock_universal_loso
02-Semiurban,top_k_mean_abs_z_adaptive,24,13488,93,industroyer:industroyer,2,0.9702138900756836,1.7052246169802736,7.898685461546279,0.7547098385083162,True,1.0,0.1612903225806451,exploratory,exp19_events_20261009T163931Z.csv,sherlock_universal_loso
02-Semiurban,top_k_mean_abs_z_adaptive,25,13828,91,industroyer:industroyer,1,1.776968240737915,0.1546746186753868,8.756170655814879,0.5531896942009302,True,0.0,0.0109890109890109,exploratory,exp19_events_20261009T163931Z.csv,sherlock_universal_loso
02-Semiurban,top_k_mean_abs_z_adaptive,27,14803,244,drift-off:drift-off,0,1.6133716106414795,6.947878151740042,10.945267835694484,0.9420322445304026,True,2.0,0.930327868852459,exploratory,exp19_events_20261009T163931Z.csv,sherlock_universal_loso
02-Semiurban,top_k_mean_abs_z_adaptive,29,16593,89,industroyer:industroyer,1,1.7806298732757568,3.3736396944478257,6.4293731595093435,0.9403189832933552,True,0.0,0.5280898876404494,exploratory,exp19_events_20261009T163931Z.csv,sherlock_universal_loso
02-Semiurban,top_k_mean_abs_z_adaptive,30,16937,86,industroyer:industroyer,2,1.883660078048706,1.8108903546091488,10.715723184626508,0.8899043346979068,True,0.0,0.0232558139534883,exploratory,exp19_events_20261009T163931Z.csv,sherlock_universal_loso
02-Semiurban,top_k_mean_abs_z_adaptive,31,17238,90,industroyer:industroyer,1,0.8535051345825195,-0.4640025282519854,2.655919305967384,0.3026043834096268,False,,0.0,exploratory,exp19_events_20261009T163931Z.csv,sherlock_universal_loso
02-Semiurban,top_k_mean_abs_z_adaptive,32,17632,221,drift-off:drift-off,0,1.6065406799316406,6.628795389895257,10.83890649577422,0.9652326560125636,True,3.0,0.9773755656108596,exploratory,exp19_events_20261009T163931Z.csv,sherlock_universal_loso
02-Semiurban,top_k_mean_abs_z_adaptive,34,19084,471,drift-off:drift-off,0,0.6024372577667236,3.0201078575268214,9.123755007057492,0.7298481065334997,True,3.0,0.6220806794055201,exploratory,exp19_events_20261009T163931Z.csv,sherlock_universal_loso
02-Semiurban,top_k_mean_abs_z_adaptive,35,19597,110,industroyer:industroyer,1,0.901437759399414,5.495551039321882,6.678377284557227,0.9575195778004768,True,0.0,1.0,exploratory,exp19_events_20261009T163931Z.csv,sherlock_universal_loso
02-Semiurban,top_k_mean_abs_z_adaptive,36,20196,97,industroyer:industroyer,1,0.7246618270874023,-0.1555105169543576,2.18368192924558,0.453155205477689,False,,0.0,exploratory,exp19_events_20261009T163931Z.csv,sherlock_universal_loso
03-Rural,pca_spe,1,1163,87,industroyer:industroyer,2,0.0610013008117675,0.978350043296814,83.4104232788086,0.718381108139925,True,2.0,0.0114942528735632,confirmatory,exp19_events_20261009T163931Z.csv,sherlock_universal_loso
03-Rural,pca_spe,2,1820,54,arp-spoof:arp-spoof-dos,0,0.9749655723571776,314.88140869140625,600.3956298828125,0.9977180204637556,True,0.0,1.0,confirmatory,exp19_events_20261009T163931Z.csv,sherlock_universal_loso
03-Rural,pca_spe,3,2128,485,drift-off:drift-off,0,0.9858369827270508,1.2575191259384155,300.0894775390625,0.5325705682761802,True,1.0,0.0041237113402061,confirmatory,exp19_events_20261009T163931Z.csv,sherlock_universal_loso
03-Rural,pca_spe,5,3439,348,control-and-freeze:control-and-freeze,0,1.9840893745422363,145.24905395507812,699.9886474609375,0.9138754335573576,True,0.0,0.8045977011494253,confirmatory,exp19_events_20261009T163931Z.csv,sherlock_universal_loso
03-Rural,pca_spe,6,4408,289,control-and-freeze:control-and-freeze,0,0.9827921390533448,2.105597496032715,300.1524963378906,0.7202522796871781,True,1.0,0.0103806228373702,confirmatory,exp19_events_20261009T163931Z.csv,sherlock_universal_loso
03-Rural,pca_spe,7,4893,225,drift-off:drift-off,0,1.98966646194458,199.15460205078125,400.2581481933594,0.97201122011845,True,1.0,0.9911111111111112,confirmatory,exp19_events_20261009T163931Z.csv,sherlock_universal_loso
03-Rural,pca_spe,8,5619,61,arp-spoof:arp-spoof-dos,0,1.9761903285980225,98.3735580444336,300.0161437988281,0.8743965014756455,True,10.0,0.8360655737704918,confirmatory,exp19_events_20261009T163931Z.csv,sherlock_universal_loso
03-Rural,pca_spe,9,6195,267,control-and-freeze:control-and-freeze,0,1.985644817352295,1.4548077583312988,300.08270263671875,0.6192421552045133,True,1.0,0.0074906367041198,confirmatory,exp19_events_20261009T163931Z.csv,sherlock_universal_loso
03-Rural,pca_spe,10,6726,290,drift-off:drift-off,0,0.0155913829803466,161.77008056640625,599.7838134765625,0.8867626113207222,True,2.0,0.7827586206896552,confirmatory,exp19_events_20261009T163931Z.csv,sherlock_universal_loso
03-Rural,pca_spe,12,7887,239,drift-off:drift-off,0,0.0490012168884277,1.2718204259872437,299.92608642578125,0.5660847586893357,True,2.0,0.00418410041841,confirmatory,exp19_events_20261009T163931Z.csv,sherlock_universal_loso
03-Rural,pca_spe,13,8407,58,arp-spoof:arp-spoof-dos,0,1.9623568058013916,115.52696228027344,300.0102844238281,0.8604399606108337,True,6.0,0.896551724137931,confirmatory,exp19_events_20261009T163931Z.csv,sherlock_universal_loso
03-Rural,pca_spe,14,9144,69,arp-spoof:arp-spoof-dos,0,0.9769420623779296,318.8870849609375,699.8660888671875,0.998512507165776,True,0.0,1.0,confirmatory,exp19_events_20261009T163931Z.csv,sherlock_universal_loso
03-Rural,pca_spe,15,9502,163,control-and-freeze:control-and-freeze,0,0.9807248115539552,201.1431579589844,400.0086669921875,0.972831014430193,True,1.0,0.9938650306748468,confirmatory,exp19_events_20261009T163931Z.csv,sherlock_universal_loso
03-Rural,pca_spe,16,10065,90,industroyer:industroyer,1,0.0440201759338378,3.343233823776245,299.8988037109375,0.4874068750998077,True,1.0,0.0111111111111111,confirmatory,exp19_events_20261009T163931Z.csv,sherlock_universal_loso
03-Rural,pca_spe,17,10568,110,industroyer:industroyer,1,1.0662992000579834,14.500585556030272,616.8114013671875,0.589797935614345,True,0.0,0.5,confirmatory,exp19_events_20261009T163931Z.csv,sherlock_universal_loso
03-Rural,pca_spe,18,10931,277,control-and-freeze:control-and-freeze,0,1.9797868728637695,8.671598434448242,500.01019287109375,0.4027173605310015,True,1.0,0.0541516245487364,confirmatory,exp19_events_20261009T163931Z.csv,sherlock_universal_loso
03-Rural,pca_spe,20,12522,267,drift-off:drift-off,0,1.0169339179992676,2.2516305446624756,300.0128173828125,0.2057802364303884,True,1.0,0.0074906367041198,confirmatory,exp19_events_20261009T163931Z.csv,sherlock_universal_loso
03-Rural,pca_spe,22,13610,67,arp-spoof:arp-spoof-dos,0,1.9779376983642576,119.41688537597656,300.0665588378906,0.903832397097186,True,0.0,0.9253731343283582,confirmatory,exp19_events_20261009T163931Z.csv,sherlock_universal_loso
03-Rural,pca_spe,23,13998,66,arp-spoof:arp-spoof-dos,0,1.975449800491333,321.26446533203125,600.0172729492188,0.9978943342062756,True,0.0,1.0,confirmatory,exp19_events_20261009T163931Z.csv,sherlock_universal_loso
03-Rural,pca_spe,24,14572,91,industroyer:industroyer,1,1.0585646629333496,14.747889518737791,517.6029052734375,0.6787511682218924,True,0.0,0.5054945054945055,confirmatory,exp19_events_20261009T163931Z.csv,sherlock_universal_loso
03-Rural,pca_spe,25,14939,89,industroyer:industroyer,1,1.0352635383605957,24.63936233520508,599.97998046875,0.9314686080629544,True,0.0,1.0,confirmatory,exp19_events_20261009T163931Z.csv,sherlock_universal_loso
03-Rural,pca_spe,26,15480,93,industroyer:industroyer,2,0.0791800022125244,18.660078048706055,600.0615234375,0.7181099780350324,True,1.0,0.6774193548387096,confirmatory,exp19_events_20261009T163931Z.csv,sherlock_universal_loso
03-Rural,pca_spe,27,15993,230,drift-off:drift-off,0,1.9864821434020996,201.77618408203125,600.08251953125,0.9756998008525576,True,1.0,0.9869565217391304,confirmatory,exp19_events_20261009T163931Z.csv,sherlock_universal_loso
03-Rural,pca_spe,29,17359,290,drift-off:drift-off,0,0.9970242977142334,161.0566864013672,599.974365234375,0.8858784021099492,True,2.0,0.7827586206896552,confirmatory,exp19_events_20261009T163931Z.csv,sherlock_universal_loso
03-Rural,pca_spe,30,18512,85,industroyer:industroyer,1,1.085340976715088,20.59967803955078,218.16448974609375,0.9315378366556272,True,0.0,1.0,confirmatory,exp19_events_20261009T163931Z.csv,sherlock_universal_loso
03-Rural,pca_spe,31,18884,254,drift-off:drift-off,0,0.9955387115478516,180.7737579345703,600.2236938476562,0.9505038671390847,True,2.0,0.8937007874015748,confirmatory,exp19_events_20261009T163931Z.csv,sherlock_universal_loso
03-Rural,pca_spe,32,19299,91,industroyer:industroyer,1,0.1215243339538574,142.2285919189453,300.0064697265625,0.9190814497007084,True,0.0,0.7142857142857143,confirmatory,exp19_events_20261009T163931Z.csv,sherlock_universal_loso
03-Rural,pca_spe,35,21205,300,drift-off:drift-off,0,1.0056359767913818,156.73277282714844,700.5319213867188,0.8794818679830865,True,2.0,0.7566666666666667,confirmatory,exp19_events_20261009T163931Z.csv,sherlock_universal_loso
03-Rural,pca_spe_adaptive,1,1163,87,industroyer:industroyer,2,0.0610013008117675,35.27822365897587,3051.073317618552,0.655807352213414,True,2.0,0.0114942528735632,confirmatory,exp19_events_20261009T163931Z.csv,sherlock_universal_loso
03-Rural,pca_spe_adaptive,2,1820,54,arp-spoof:arp-spoof-dos,0,0.9749655723571776,14700.693232552096,28007.56294891953,0.9726926201337248,True,0.0,1.0,confirmatory,exp19_events_20261009T163931Z.csv,sherlock_universal_loso
03-Rural,pca_spe_adaptive,3,2128,485,drift-off:drift-off,0,0.9858369827270508,64.68526551251844,15564.697612995584,0.5443677764027491,True,1.0,0.0350515463917525,confirmatory,exp19_events_20261009T163931Z.csv,sherlock_universal_loso
03-Rural,pca_spe_adaptive,5,3439,348,control-and-freeze:control-and-freeze,0,1.9840893745422363,10085.058388409623,48533.061422698695,0.8876658184061752,True,0.0,0.8045977011494253,confirmatory,exp19_events_20261009T163931Z.csv,sherlock_universal_loso
03-Rural,pca_spe_adaptive,6,4408,289,control-and-freeze:control-and-freeze,0,0.9827921390533448,89.79513516210875,12933.535398279562,0.5782019245093967,True,1.0,0.0103806228373702,confirmatory,exp19_events_20261009T163931Z.csv,sherlock_universal_loso
03-Rural,pca_spe_adaptive,7,4893,225,drift-off:drift-off,0,1.98966646194458,7211.623971994749,16419.60788851638,0.9305896811014602,True,1.0,0.9911111111111112,confirmatory,exp19_events_20261009T163931Z.csv,sherlock_universal_loso
03-Rural,pca_spe_adaptive,8,5619,61,arp-spoof:arp-spoof-dos,0,1.9761903285980225,3672.4446367462406,11201.367217494622,0.8536831721101473,True,10.0,0.8360655737704918,confirmatory,exp19_events_20261009T163931Z.csv,sherlock_universal_loso
03-Rural,pca_spe_adaptive,9,6195,267,control-and-freeze:control-and-freeze,0,1.985644817352295,74.257461036593,15365.37170113358,0.6351573593059915,True,1.0,0.0112359550561797,confirmatory,exp19_events_20261009T163931Z.csv,sherlock_universal_loso
03-Rural,pca_spe_adaptive,10,6726,290,drift-off:drift-off,0,0.0155913829803466,9192.793993817782,33649.70677714416,0.8466524595603842,True,2.0,0.7827586206896552,confirmatory,exp19_events_20261009T163931Z.csv,sherlock_universal_loso
03-Rural,pca_spe_adaptive,12,7887,239,drift-off:drift-off,0,0.0490012168884277,64.08961637333886,15353.41580472247,0.4096859976829658,True,2.0,0.00418410041841,confirmatory,exp19_events_20261009T163931Z.csv,sherlock_universal_loso
03-Rural,pca_spe_adaptive,13,8407,58,arp-spoof:arp-spoof-dos,0,1.9623568058013916,5178.581537961739,13538.904654816644,0.8483678706794201,True,6.0,0.896551724137931,confirmatory,exp19_events_20261009T163931Z.csv,sherlock_universal_loso
03-Rural,pca_spe_adaptive,14,9144,69,arp-spoof:arp-spoof-dos,0,0.9769420623779296,17631.477872930085,38582.94301315629,0.9955850669303852,True,0.0,1.0,confirmatory,exp19_events_20261009T163931Z.csv,sherlock_universal_loso
03-Rural,pca_spe_adaptive,15,9502,163,control-and-freeze:control-and-freeze,0,0.9807248115539552,11512.968925323494,22771.781126187896,0.937972519723104,True,1.0,0.9938650306748468,confirmatory,exp19_events_20261009T163931Z.csv,sherlock_universal_loso
03-Rural,pca_spe_adaptive,16,10065,90,industroyer:industroyer,1,0.0440201759338378,194.47489480715947,17491.137469654303,0.585336082817805,True,1.0,0.0111111111111111,confirmatory,exp19_events_20261009T163931Z.csv,sherlock_universal_loso
03-Rural,pca_spe_adaptive,17,10568,110,industroyer:industroyer,1,1.0662992000579834,874.1722015678005,37126.093307447314,0.6457141558685019,True,0.0,0.5,confirmatory,exp19_events_20261009T163931Z.csv,sherlock_universal_loso
03-Rural,pca_spe_adaptive,18,10931,277,control-and-freeze:control-and-freeze,0,1.9797868728637695,534.809964742104,30869.459495329174,0.5487626304724904,True,1.0,0.0541516245487364,confirmatory,exp19_events_20261009T163931Z.csv,sherlock_universal_loso
03-Rural,pca_spe_adaptive,20,12522,267,drift-off:drift-off,0,1.0169339179992676,143.26281611176498,19155.047980305044,0.3757659202944391,True,1.0,0.0074906367041198,confirmatory,exp19_events_20261009T163931Z.csv,sherlock_universal_loso
03-Rural,pca_spe_adaptive,22,13610,67,arp-spoof:arp-spoof-dos,0,1.9779376983642576,7935.664793905361,19903.252469769795,0.9180302946928794,True,0.0,0.9253731343283582,confirmatory,exp19_events_20261009T163931Z.csv,sherlock_universal_loso
03-Rural,pca_spe_adaptive,23,13998,66,arp-spoof:arp-spoof-dos,0,1.975449800491333,22158.478655926992,41486.04543875646,0.9971463683892604,True,0.0,1.0,confirmatory,exp19_events_20261009T163931Z.csv,sherlock_universal_loso
03-Rural,pca_spe_adaptive,24,14572,91,industroyer:industroyer,1,1.0585646629333496,1054.35388329579,36865.14732267029,0.7778836797770748,True,0.0,0.5054945054945055,confirmatory,exp19_events_20261009T163931Z.csv,sherlock_universal_loso
03-Rural,pca_spe_adaptive,25,14939,89,industroyer:industroyer,1,1.0352635383605957,1823.0838709121736,44318.678284292066,0.9318498568035348,True,0.0,1.0,confirmatory,exp19_events_20261009T163931Z.csv,sherlock_universal_loso
03-Rural,pca_spe_adaptive,26,15480,93,industroyer:industroyer,2,0.0791800022125244,1427.0148067847915,45835.58979113771,0.7724915825594529,True,1.0,0.6774193548387096,confirmatory,exp19_events_20261009T163931Z.csv,sherlock_universal_loso
03-Rural,pca_spe_adaptive,27,15993,230,drift-off:drift-off,0,1.9864821434020996,15886.012257790828,47018.659912148054,0.980459098701602,True,1.0,0.9869565217391304,confirmatory,exp19_events_20261009T163931Z.csv,sherlock_universal_loso
03-Rural,pca_spe_adaptive,29,17359,290,drift-off:drift-off,0,0.9970242977142334,14484.34296125744,53195.341253004684,0.8876090043461679,True,2.0,0.7827586206896552,confirmatory,exp19_events_20261009T163931Z.csv,sherlock_universal_loso
03-Rural,pca_spe_adaptive,30,18512,85,industroyer:industroyer,1,1.085340976715088,1442.46317324068,16303.731958110013,0.9318671866672058,True,0.0,1.0,confirmatory,exp19_events_20261009T163931Z.csv,sherlock_universal_loso
03-Rural,pca_spe_adaptive,31,18884,254,drift-off:drift-off,0,0.9955387115478516,8053.1035794216605,31899.65191537246,0.882440103504215,True,2.0,0.8937007874015748,confirmatory,exp19_events_20261009T163931Z.csv,sherlock_universal_loso
03-Rural,pca_spe_adaptive,32,19299,91,industroyer:industroyer,1,0.1215243339538574,4914.31631040355,10367.17622416888,0.7955517269083475,True,0.0,0.7142857142857143,confirmatory,exp19_events_20261009T163931Z.csv,sherlock_universal_loso
03-Rural,pca_spe_adaptive,35,21205,300,drift-off:drift-off,0,1.0056359767913818,10352.698715708302,46680.436370659445,0.8365106542523277,True,2.0,0.7566666666666667,confirmatory,exp19_events_20261009T163931Z.csv,sherlock_universal_loso
03-Rural,top_k_mean_abs_z,1,1163,87,industroyer:industroyer,2,0.0610013008117675,3.0018534660339355,6.090057373046875,0.9079475759214688,True,2.0,0.2413793103448276,confirmatory,exp19_events_20261009T163931Z.csv,sherlock_universal_loso
03-Rural,top_k_mean_abs_z,2,1820,54,arp-spoof:arp-spoof-dos,0,0.9749655723571776,9.770879745483398,10.0,0.997851675958906,True,0.0,1.0,confirmatory,exp19_events_20261009T163931Z.csv,sherlock_universal_loso
03-Rural,top_k_mean_abs_z,3,2128,485,drift-off:drift-off,0,0.9858369827270508,1.2671644687652588,10.0,0.625490839024384,True,1.0,0.0103092783505154,confirmatory,exp19_events_20261009T163931Z.csv,sherlock_universal_loso
03-Rural,top_k_mean_abs_z,5,3439,348,control-and-freeze:control-and-freeze,0,1.9840893745422363,6.604458332061768,10.0,0.8721988908688816,True,0.0,0.8045977011494253,confirmatory,exp19_events_20261009T163931Z.csv,sherlock_universal_loso
03-Rural,top_k_mean_abs_z,6,4408,289,control-and-freeze:control-and-freeze,0,0.9827921390533448,1.1118412017822266,10.0,0.5757801251365715,True,1.0,0.0138408304498269,confirmatory,exp19_events_20261009T163931Z.csv,sherlock_universal_loso
03-Rural,top_k_mean_abs_z,7,4893,225,drift-off:drift-off,0,1.98966646194458,6.943661689758301,10.0,0.9586801085907504,True,1.0,0.9911111111111112,confirmatory,exp19_events_20261009T163931Z.csv,sherlock_universal_loso
03-Rural,top_k_mean_abs_z,8,5619,61,arp-spoof:arp-spoof-dos,0,1.9761903285980225,3.9067771434783936,10.0,0.8618517224741673,True,10.0,0.8360655737704918,confirmatory,exp19_events_20261009T163931Z.csv,sherlock_universal_loso
03-Rural,top_k_mean_abs_z,9,6195,267,control-and-freeze:control-and-freeze,0,1.985644817352295,2.727833032608032,10.0,0.8715133234615887,True,1.0,0.4119850187265917,confirmatory,exp19_events_20261009T163931Z.csv,sherlock_universal_loso
03-Rural,top_k_mean_abs_z,10,6726,290,drift-off:drift-off,0,0.0155913829803466,5.721588611602783,10.0,0.8400618849482963,True,2.0,0.7827586206896552,confirmatory,exp19_events_20261009T163931Z.csv,sherlock_universal_loso
03-Rural,top_k_mean_abs_z,12,7887,239,drift-off:drift-off,0,0.0490012168884277,0.8822633028030396,10.0,0.4630062825563303,True,2.0,0.00836820083682,confirmatory,exp19_events_20261009T163931Z.csv,sherlock_universal_loso
03-Rural,top_k_mean_abs_z,13,8407,58,arp-spoof:arp-spoof-dos,0,1.9623568058013916,4.397843360900879,10.0,0.8905070600986453,True,6.0,0.896551724137931,confirmatory,exp19_events_20261009T163931Z.csv,sherlock_universal_loso
03-Rural,top_k_mean_abs_z,14,9144,69,arp-spoof:arp-spoof-dos,0,0.9769420623779296,9.821905136108398,10.0,0.997437980378679,True,0.0,1.0,confirmatory,exp19_events_20261009T163931Z.csv,sherlock_universal_loso
03-Rural,top_k_mean_abs_z,15,9502,163,control-and-freeze:control-and-freeze,0,0.9807248115539552,8.50438117980957,10.0,0.990162120675993,True,1.0,0.9938650306748468,confirmatory,exp19_events_20261009T163931Z.csv,sherlock_universal_loso
03-Rural,top_k_mean_abs_z,16,10065,90,industroyer:industroyer,1,0.0440201759338378,1.0113381147384644,10.0,0.5158626507529839,True,1.0,0.0222222222222222,confirmatory,exp19_events_20261009T163931Z.csv,sherlock_universal_loso
03-Rural,top_k_mean_abs_z,17,10568,110,industroyer:industroyer,1,1.0662992000579834,2.299934148788452,10.0,0.642605931842325,True,0.0,0.5,confirmatory,exp19_events_20261009T163931Z.csv,sherlock_universal_loso
03-Rural,top_k_mean_abs_z,18,10931,277,control-and-freeze:control-and-freeze,0,1.9797868728637695,1.0941073894500732,10.0,0.500977027998586,True,1.0,0.0613718411552346,confirmatory,exp19_events_20261009T163931Z.csv,sherlock_universal_loso
03-Rural,top_k_mean_abs_z,20,12522,267,drift-off:drift-off,0,1.0169339179992676,0.6984217166900635,10.0,0.3101843497977088,True,1.0,0.0112359550561797,confirmatory,exp19_events_20261009T163931Z.csv,sherlock_universal_loso
03-Rural,top_k_mean_abs_z,22,13610,67,arp-spoof:arp-spoof-dos,0,1.9779376983642576,4.474791049957275,10.0,0.8947837205897029,True,0.0,0.9253731343283582,confirmatory,exp19_events_20261009T163931Z.csv,sherlock_universal_loso
03-Rural,top_k_mean_abs_z,23,13998,66,arp-spoof:arp-spoof-dos,0,1.975449800491333,9.717107772827148,10.0,0.9953574045775508,True,0.0,1.0,confirmatory,exp19_events_20261009T163931Z.csv,sherlock_universal_loso
03-Rural,top_k_mean_abs_z,24,14572,91,industroyer:industroyer,1,1.0585646629333496,2.2512452602386475,10.0,0.6139195741457817,True,0.0,0.5054945054945055,confirmatory,exp19_events_20261009T163931Z.csv,sherlock_universal_loso
03-Rural,top_k_mean_abs_z,25,14939,89,industroyer:industroyer,1,1.0352635383605957,3.8116183280944824,10.0,0.9289799595160178,True,0.0,1.0,confirmatory,exp19_events_20261009T163931Z.csv,sherlock_universal_loso
03-Rural,top_k_mean_abs_z,26,15480,93,industroyer:industroyer,2,0.0791800022125244,2.932138681411743,10.0,0.7355092694313365,True,1.0,0.6774193548387096,confirmatory,exp19_events_20261009T163931Z.csv,sherlock_universal_loso
03-Rural,top_k_mean_abs_z,27,15993,230,drift-off:drift-off,0,1.9864821434020996,6.939068794250488,10.0,0.9483183859548074,True,1.0,0.9869565217391304,confirmatory,exp19_events_20261009T163931Z.csv,sherlock_universal_loso
03-Rural,top_k_mean_abs_z,29,17359,290,drift-off:drift-off,0,0.9970242977142334,5.703878402709961,10.0,0.8497230045228589,True,2.0,0.7827586206896552,confirmatory,exp19_events_20261009T163931Z.csv,sherlock_universal_loso
03-Rural,top_k_mean_abs_z,30,18512,85,industroyer:industroyer,1,1.085340976715088,5.816809177398682,10.0,0.9311386467978432,True,0.0,1.0,confirmatory,exp19_events_20261009T163931Z.csv,sherlock_universal_loso
03-Rural,top_k_mean_abs_z,31,18884,254,drift-off:drift-off,0,0.9955387115478516,6.474694728851318,10.0,0.9169124785165774,True,2.0,0.8937007874015748,confirmatory,exp19_events_20261009T163931Z.csv,sherlock_universal_loso
03-Rural,top_k_mean_abs_z,32,19299,91,industroyer:industroyer,1,0.1215243339538574,6.9774580001831055,10.0,0.972167649884328,True,0.0,0.7692307692307693,confirmatory,exp19_events_20261009T163931Z.csv,sherlock_universal_loso
03-Rural,top_k_mean_abs_z,35,21205,300,drift-off:drift-off,0,1.0056359767913818,5.700736045837402,10.0,0.8622917577954133,True,2.0,0.7566666666666667,confirmatory,exp19_events_20261009T163931Z.csv,sherlock_universal_loso
03-Rural,top_k_mean_abs_z_adaptive,1,1163,87,industroyer:industroyer,2,0.0610013008117675,5.308336601781487,13.462834765802446,0.9416014669663232,True,2.0,0.9770114942528736,confirmatory,exp19_events_20261009T163931Z.csv,sherlock_universal_loso
03-Rural,top_k_mean_abs_z_adaptive,2,1820,54,arp-spoof:arp-spoof-dos,0,0.9749655723571776,21.08334053723488,21.856174107328226,0.999988428095658,True,0.0,1.0,confirmatory,exp19_events_20261009T163931Z.csv,sherlock_universal_loso
03-Rural,top_k_mean_abs_z_adaptive,3,2128,485,drift-off:drift-off,0,0.9858369827270508,0.7774165450079246,19.559375992632223,0.632523025644032,True,1.0,0.0103092783505154,confirmatory,exp19_events_20261009T163931Z.csv,sherlock_universal_loso
03-Rural,top_k_mean_abs_z_adaptive,5,3439,348,control-and-freeze:control-and-freeze,0,1.9840893745422363,9.327282891690457,17.558894892467592,0.8553505772265402,True,0.0,0.7298850574712644,confirmatory,exp19_events_20261009T163931Z.csv,sherlock_universal_loso
03-Rural,top_k_mean_abs_z_adaptive,6,4408,289,control-and-freeze:control-and-freeze,0,0.9827921390533448,-0.3662978429021753,8.072301970800048,0.3256383372754287,True,1.0,0.0069204152249134,confirmatory,exp19_events_20261009T163931Z.csv,sherlock_universal_loso
03-Rural,top_k_mean_abs_z_adaptive,7,4893,225,drift-off:drift-off,0,1.98966646194458,4.231944031402917,7.469784301312551,0.9341401265040582,True,1.0,0.84,confirmatory,exp19_events_20261009T163931Z.csv,sherlock_universal_loso
03-Rural,top_k_mean_abs_z_adaptive,8,5619,61,arp-spoof:arp-spoof-dos,0,1.9761903285980225,2.6340190722257124,8.385651488852792,0.8327157920185047,True,10.0,0.0983606557377049,confirmatory,exp19_events_20261009T163931Z.csv,sherlock_universal_loso
03-Rural,top_k_mean_abs_z_adaptive,9,6195,267,control-and-freeze:control-and-freeze,0,1.985644817352295,2.1751919198781233,12.219439878969869,0.8464169054444614,True,1.0,0.0149812734082397,confirmatory,exp19_events_20261009T163931Z.csv,sherlock_universal_loso
03-Rural,top_k_mean_abs_z_adaptive,10,6726,290,drift-off:drift-off,0,0.0155913829803466,6.232583013679075,12.05050817956682,0.8252219950138658,True,2.0,0.7827586206896552,confirmatory,exp19_events_20261009T163931Z.csv,sherlock_universal_loso
03-Rural,top_k_mean_abs_z_adaptive,12,7887,239,drift-off:drift-off,0,0.0490012168884277,-0.4759666062335281,8.265002343316487,0.2762813562415206,True,2.0,0.00418410041841,confirmatory,exp19_events_20261009T163931Z.csv,sherlock_universal_loso
03-Rural,top_k_mean_abs_z_adaptive,13,8407,58,arp-spoof:arp-spoof-dos,0,1.9623568058013916,3.4172000346782463,9.747033976009211,0.8643444009420648,True,7.0,0.1724137931034483,confirmatory,exp19_events_20261009T163931Z.csv,sherlock_universal_loso
03-Rural,top_k_mean_abs_z_adaptive,14,9144,69,arp-spoof:arp-spoof-dos,0,0.9769420623779296,11.592168484463366,11.830575086146874,0.9982811193915634,True,0.0,1.0,confirmatory,exp19_events_20261009T163931Z.csv,sherlock_universal_loso
03-Rural,top_k_mean_abs_z_adaptive,15,9502,163,control-and-freeze:control-and-freeze,0,0.9807248115539552,10.174255677151844,12.17170684747754,0.990653976305823,True,1.0,0.9938650306748468,confirmatory,exp19_events_20261009T163931Z.csv,sherlock_universal_loso
03-Rural,top_k_mean_abs_z_adaptive,16,10065,90,industroyer:industroyer,1,0.0440201759338378,-0.010607626616796,12.183230990465749,0.4777604199212648,True,1.0,0.0111111111111111,confirmatory,exp19_events_20261009T163931Z.csv,sherlock_universal_loso
03-Rural,top_k_mean_abs_z_adaptive,17,10568,110,industroyer:industroyer,1,1.0662992000579834,1.963794729433828,12.944859769561385,0.6463697147693899,True,0.0,0.3,confirmatory,exp19_events_20261009T163931Z.csv,sherlock_universal_loso
03-Rural,top_k_mean_abs_z_adaptive,18,10931,277,control-and-freeze:control-and-freeze,0,1.9797868728637695,0.2818067417915347,13.97454110302335,0.5170404646601686,True,1.0,0.0541516245487364,confirmatory,exp19_events_20261009T163931Z.csv,sherlock_universal_loso
03-Rural,top_k_mean_abs_z_adaptive,20,12522,267,drift-off:drift-off,0,1.0169339179992676,-0.0733424822282424,15.20646986913517,0.4123072897614468,True,1.0,0.0112359550561797,confirmatory,exp19_events_20261009T163931Z.csv,sherlock_universal_loso
03-Rural,top_k_mean_abs_z_adaptive,22,13610,67,arp-spoof:arp-spoof-dos,0,1.9779376983642576,6.390574905856282,15.606788243910929,0.9263925327433942,True,0.0,0.9253731343283582,confirmatory,exp19_events_20261009T163931Z.csv,sherlock_universal_loso
03-Rural,top_k_mean_abs_z_adaptive,23,13998,66,arp-spoof:arp-spoof-dos,0,1.975449800491333,15.436752224282108,15.921343322190326,0.9987388728249816,True,0.0,1.0,confirmatory,exp19_events_20261009T163931Z.csv,sherlock_universal_loso
03-Rural,top_k_mean_abs_z_adaptive,24,14572,91,industroyer:industroyer,1,1.0585646629333496,2.8624930304551723,16.06008741080369,0.7365699975210692,True,0.0,0.5054945054945055,confirmatory,exp19_events_20261009T163931Z.csv,sherlock_universal_loso
03-Rural,top_k_mean_abs_z_adaptive,25,14939,89,industroyer:industroyer,1,1.0352635383605957,5.516144332952498,16.121625451602316,0.9493767671370608,True,0.0,1.0,confirmatory,exp19_events_20261009T163931Z.csv,sherlock_universal_loso
03-Rural,top_k_mean_abs_z_adaptive,26,15480,93,industroyer:industroyer,2,0.0791800022125244,4.091618268158888,16.297175804992097,0.8326677995187731,True,1.0,0.6774193548387096,confirmatory,exp19_events_20261009T163931Z.csv,sherlock_universal_loso
03-Rural,top_k_mean_abs_z_adaptive,27,15993,230,drift-off:drift-off,0,1.9864821434020996,10.866171091567466,16.253830520931643,0.9904439113318426,True,1.0,0.9869565217391304,confirmatory,exp19_events_20261009T163931Z.csv,sherlock_universal_loso
03-Rural,top_k_mean_abs_z_adaptive,29,17359,290,drift-off:drift-off,0,0.9970242977142334,4.1010995188002966,9.001953914493452,0.7947988200488271,True,2.0,0.7793103448275862,confirmatory,exp19_events_20261009T163931Z.csv,sherlock_universal_loso
03-Rural,top_k_mean_abs_z_adaptive,30,18512,85,industroyer:industroyer,1,1.085340976715088,4.426375479453523,8.562654073621891,0.9426291393893056,True,0.0,1.0,confirmatory,exp19_events_20261009T163931Z.csv,sherlock_universal_loso
03-Rural,top_k_mean_abs_z_adaptive,31,18884,254,drift-off:drift-off,0,0.9955387115478516,4.583202575604802,8.291568625628216,0.8925654195743811,True,2.0,0.8937007874015748,confirmatory,exp19_events_20261009T163931Z.csv,sherlock_universal_loso
03-Rural,top_k_mean_abs_z_adaptive,32,19299,91,industroyer:industroyer,1,0.1215243339538574,3.795117730660363,5.839313845769746,0.9087138881239988,True,1.0,0.6813186813186813,confirmatory,exp19_events_20261009T163931Z.csv,sherlock_universal_loso
03-Rural,top_k_mean_abs_z_adaptive,35,21205,300,drift-off:drift-off,0,1.0056359767913818,7.56317585925422,14.826407519385226,0.8770418046616258,True,2.0,0.7566666666666667,confirmatory,exp19_events_20261009T163931Z.csv,sherlock_universal_loso
