target,role,fit_from,detector,n,base_rate,auc_pr,lift,roc_auc,theta,fpr_nonattack,recall_at_alarm,frac_slices_in_recovery,base_rate_excl_recovery,auc_pr_excl_recovery,roc_auc_excl_recovery,fpr_nonattack_excl_recovery,git_sha,seed,source_file,ablation_axis
01-Basic,exploratory,02-Semiurban,pca_spe,21615,0.1327781677246093,0.5972800810776739,4.498330495992925,0.7934330827361163,0.2178860902786255,0.1451053614297145,0.6094076655052265,0.0309044644922507,0.1370124667882919,0.6319837734634912,0.7962109339085472,0.1404547214692703,f24afa9489dc0a59612dfdf2bf691b87c7aeb71b-dirty,42,exp19_anomaly_metrics_20261009T163931Z.csv,sherlock_universal_loso
01-Basic,exploratory,02-Semiurban,pca_spe_adaptive,21615,0.1327781677246093,0.5803092838773666,4.370517335959675,0.7668126134448862,7.011337607901892,0.04507868765004,0.5418118466898955,0.0309044644922507,0.1370124667882919,0.6135820758017816,0.7691385226072209,0.0387232394755767,f24afa9489dc0a59612dfdf2bf691b87c7aeb71b-dirty,42,exp19_anomaly_metrics_20261009T163931Z.csv,sherlock_universal_loso
01-Basic,exploratory,02-Semiurban,top_k_mean_abs_z,21615,0.1327781677246093,0.5976550809161711,4.501154754264624,0.7654106972079895,3.33383846282959,0.0630034675913576,0.5658536585365853,0.0309044644922507,0.1370124667882919,0.6209688451373178,0.7693141167892131,0.0553189135365381,f24afa9489dc0a59612dfdf2bf691b87c7aeb71b-dirty,42,exp19_anomaly_metrics_20261009T163931Z.csv,sherlock_universal_loso
01-Basic,exploratory,02-Semiurban,top_k_mean_abs_z_adaptive,21615,0.1327781677246093,0.5843616671289061,4.401037287552503,0.7550179234787814,4.633589469134211,0.0483862363296879,0.5219512195121951,0.0309044644922507,0.1370124667882919,0.6138741156686146,0.7591362847933318,0.0417657797200863,f24afa9489dc0a59612dfdf2bf691b87c7aeb71b-dirty,42,exp19_anomaly_metrics_20261009T163931Z.csv,sherlock_universal_loso
02-Semiurban,exploratory,01-Basic,pca_spe,21652,0.2308331727981567,0.5362831570539629,2.323249949533446,0.7170363942382526,0.2074029892683029,0.2416836795964933,0.5778311324529812,0.029281359689636,0.2377961724996566,0.5630481345753352,0.7203746167630598,0.2367665418227216,f24afa9489dc0a59612dfdf2bf691b87c7aeb71b-dirty,42,exp19_anomaly_metrics_20261009T163931Z.csv,sherlock_universal_loso
02-Semiurban,exploratory,01-Basic,pca_spe_adaptive,21652,0.2308331727981567,0.5644649185185848,2.445337087716416,0.6959634340105683,4.137112026882006,0.0767983667587366,0.4617847138855542,0.029281359689636,0.2377961724996566,0.594729182945563,0.6991113174358383,0.0710362047440699,f24afa9489dc0a59612dfdf2bf691b87c7aeb71b-dirty,42,exp19_anomaly_metrics_20261009T163931Z.csv,sherlock_universal_loso
02-Semiurban,exploratory,01-Basic,top_k_mean_abs_z,21652,0.2308331727981567,0.5293309265719289,2.2931319626004627,0.7080187244827076,2.2623226642608643,0.1742524318482046,0.536014405762305,0.029281359689636,0.2377961724996566,0.5537806430394417,0.7119927184356889,0.1666042446941323,f24afa9489dc0a59612dfdf2bf691b87c7aeb71b-dirty,42,exp19_anomaly_metrics_20261009T163931Z.csv,sherlock_universal_loso
02-Semiurban,exploratory,01-Basic,top_k_mean_abs_z_adaptive,21652,0.2308331727981567,0.5440842158514634,2.3570451736034363,0.7173006046420008,2.9596519179890337,0.0677314759217004,0.4127651060424169,0.029281359689636,0.2377961724996566,0.5668062564016059,0.7212955781563561,0.0619225967540574,f24afa9489dc0a59612dfdf2bf691b87c7aeb71b-dirty,42,exp19_anomaly_metrics_20261009T163931Z.csv,sherlock_universal_loso
03-Rural,confirmatory,01-Basic+02-Semiurban,pca_spe,21638,0.2326924800872802,0.5766801669847956,2.4782930964012655,0.7462211965497676,0.2219287604093551,0.075709209179064,0.5132075471698113,0.0277289952860708,0.2393288314342498,0.6038904043117405,0.7488733275619064,0.0706742485783915,f24afa9489dc0a59612dfdf2bf691b87c7aeb71b-dirty,42,exp19_anomaly_metrics_20261009T163931Z.csv,sherlock_universal_loso
03-Rural,confirmatory,01-Basic+02-Semiurban,pca_spe_adaptive,21638,0.2326924800872802,0.5128352623367682,2.203918502842935,0.7386364651798072,7.203606786234498,0.0780581822562187,0.5163853028798411,0.0277289952860708,0.2393288314342498,0.5420686401218022,0.7414943300415184,0.0729238267824782,f24afa9489dc0a59612dfdf2bf691b87c7aeb71b-dirty,42,exp19_anomaly_metrics_20261009T163931Z.csv,sherlock_universal_loso
03-Rural,confirmatory,01-Basic+02-Semiurban,top_k_mean_abs_z,21638,0.2326924800872802,0.5624801227471361,2.417268158112184,0.7586611242234311,3.0636978149414062,0.0826958983316268,0.5414101290963257,0.0277289952860708,0.2393288314342498,0.5907309839718787,0.7623250134145032,0.077298006623758,f24afa9489dc0a59612dfdf2bf691b87c7aeb71b-dirty,42,exp19_anomaly_metrics_20261009T163931Z.csv,sherlock_universal_loso
03-Rural,confirmatory,01-Basic+02-Semiurban,top_k_mean_abs_z_adaptive,21638,0.2326924800872802,0.569020487853335,2.4453754914636776,0.739862323729078,3.925253536138504,0.0751069083900499,0.4965243296921549,0.0277289952860708,0.2393288314342498,0.5926504882303575,0.7433078926797552,0.0697369243266887,f24afa9489dc0a59612dfdf2bf691b87c7aeb71b-dirty,42,exp19_anomaly_metrics_20261009T163931Z.csv,sherlock_universal_loso
