train_domain,eval_domain,auc_pr,base_rate,lift,n_eval,n_train_slices,git_sha,seed,source_file,ablation_axis
twin,01-Basic,0.1692012237153976,0.1329738050699234,1.2724402646553148,43204,7220,1fe7fa9e4b5739d0565e60119fe204c708e3a300-dirty,42,exp13_transfer_matrix_20260928T130418Z.csv,sherlock_full
twin,02-Semiurban,0.2753628637559182,0.2310469299554824,1.1918049021857784,10803,7220,1fe7fa9e4b5739d0565e60119fe204c708e3a300-dirty,42,exp13_transfer_matrix_20260928T130418Z.csv,sherlock_full
twin,03-Rural,0.2322660191891416,0.2335555255413055,0.9944788017788264,43206,7220,1fe7fa9e4b5739d0565e60119fe204c708e3a300-dirty,42,exp13_transfer_matrix_20260928T130418Z.csv,sherlock_full
01-Basic,twin,1.0,0.999168974161148,1.000831717017184,10,43204,1fe7fa9e4b5739d0565e60119fe204c708e3a300-dirty,42,exp13_transfer_matrix_20260928T130418Z.csv,sherlock_full
01-Basic,02-Semiurban,0.2965019686456646,0.2310469299554824,1.283297591111874,10803,43204,1fe7fa9e4b5739d0565e60119fe204c708e3a300-dirty,42,exp13_transfer_matrix_20260928T130418Z.csv,sherlock_full
01-Basic,03-Rural,0.2388912658866529,0.2335555255413055,1.0228457037485237,43206,43204,1fe7fa9e4b5739d0565e60119fe204c708e3a300-dirty,42,exp13_transfer_matrix_20260928T130418Z.csv,sherlock_full
02-Semiurban,twin,1.0,0.999168974161148,1.000831717017184,10,10803,1fe7fa9e4b5739d0565e60119fe204c708e3a300-dirty,42,exp13_transfer_matrix_20260928T130418Z.csv,sherlock_full
02-Semiurban,01-Basic,0.1915573744448547,0.1329738050699234,1.4405647363713896,43204,10803,1fe7fa9e4b5739d0565e60119fe204c708e3a300-dirty,42,exp13_transfer_matrix_20260928T130418Z.csv,sherlock_full
02-Semiurban,03-Rural,0.2880347413406705,0.2335555255413055,1.233260230829906,43206,10803,1fe7fa9e4b5739d0565e60119fe204c708e3a300-dirty,42,exp13_transfer_matrix_20260928T130418Z.csv,sherlock_full
03-Rural,twin,1.0,0.999168974161148,1.000831717017184,10,43206,1fe7fa9e4b5739d0565e60119fe204c708e3a300-dirty,42,exp13_transfer_matrix_20260928T130418Z.csv,sherlock_full
03-Rural,01-Basic,0.1998324184464961,0.1329738050699234,1.5027953689180775,43204,43206,1fe7fa9e4b5739d0565e60119fe204c708e3a300-dirty,42,exp13_transfer_matrix_20260928T130418Z.csv,sherlock_full
03-Rural,02-Semiurban,0.2891672232418301,0.2310469299554824,1.251551895961336,10803,43206,1fe7fa9e4b5739d0565e60119fe204c708e3a300-dirty,42,exp13_transfer_matrix_20260928T130418Z.csv,sherlock_full
