repeat,event_id,attack_type,n_slices,event_auroc,git_sha,source_file,ablation_axis
0,0,arp-spoof:arp-spoof-dos,68,0.7169952999926562,2c3439ac7cc77a52a17679e2470ddacfc31035c5-dirty,exp16_events_20261003T153317Z.csv,sherlock_supervised
0,1,control-and-freeze:control-and-freeze,179,0.9081915761722428,2c3439ac7cc77a52a17679e2470ddacfc31035c5-dirty,exp16_events_20261003T153317Z.csv,sherlock_supervised
0,2,industroyer:industroyer,92,0.6625156054931336,2c3439ac7cc77a52a17679e2470ddacfc31035c5-dirty,exp16_events_20261003T153317Z.csv,sherlock_supervised
0,4,arp-spoof:arp-spoof-dos,77,0.4555596089303954,2c3439ac7cc77a52a17679e2470ddacfc31035c5-dirty,exp16_events_20261003T153317Z.csv,sherlock_supervised
0,6,drift-off:drift-off,243,0.7013213935255828,2c3439ac7cc77a52a17679e2470ddacfc31035c5-dirty,exp16_events_20261003T153317Z.csv,sherlock_supervised
0,7,control-and-freeze:control-and-freeze,516,0.3915042001761364,2c3439ac7cc77a52a17679e2470ddacfc31035c5-dirty,exp16_events_20261003T153317Z.csv,sherlock_supervised
0,8,drift-off:drift-off,248,0.3174821795336474,2c3439ac7cc77a52a17679e2470ddacfc31035c5-dirty,exp16_events_20261003T153317Z.csv,sherlock_supervised
0,10,industroyer:industroyer,86,0.52356864965305,2c3439ac7cc77a52a17679e2470ddacfc31035c5-dirty,exp16_events_20261003T153317Z.csv,sherlock_supervised
0,11,arp-spoof:arp-spoof-dos,62,0.777758648463614,2c3439ac7cc77a52a17679e2470ddacfc31035c5-dirty,exp16_events_20261003T153317Z.csv,sherlock_supervised
0,12,drift-off:drift-off,298,0.7257331439727187,2c3439ac7cc77a52a17679e2470ddacfc31035c5-dirty,exp16_events_20261003T153317Z.csv,sherlock_supervised
0,14,control-and-freeze:control-and-freeze,398,0.4808875839873525,2c3439ac7cc77a52a17679e2470ddacfc31035c5-dirty,exp16_events_20261003T153317Z.csv,sherlock_supervised
0,15,control-and-freeze:control-and-freeze,164,0.8434616789988125,2c3439ac7cc77a52a17679e2470ddacfc31035c5-dirty,exp16_events_20261003T153317Z.csv,sherlock_supervised
0,16,drift-off:drift-off,248,0.5074292215375942,2c3439ac7cc77a52a17679e2470ddacfc31035c5-dirty,exp16_events_20261003T153317Z.csv,sherlock_supervised
0,17,arp-spoof:arp-spoof-dos,61,0.1111049712449602,2c3439ac7cc77a52a17679e2470ddacfc31035c5-dirty,exp16_events_20261003T153317Z.csv,sherlock_supervised
0,18,control-and-freeze:control-and-freeze,286,0.3573428756013025,2c3439ac7cc77a52a17679e2470ddacfc31035c5-dirty,exp16_events_20261003T153317Z.csv,sherlock_supervised
0,19,drift-off:drift-off,298,0.4031206796873036,2c3439ac7cc77a52a17679e2470ddacfc31035c5-dirty,exp16_events_20261003T153317Z.csv,sherlock_supervised
0,21,drift-off:drift-off,274,0.3440382459881352,2c3439ac7cc77a52a17679e2470ddacfc31035c5-dirty,exp16_events_20261003T153317Z.csv,sherlock_supervised
0,22,arp-spoof:arp-spoof-dos,66,0.669287443725646,2c3439ac7cc77a52a17679e2470ddacfc31035c5-dirty,exp16_events_20261003T153317Z.csv,sherlock_supervised
0,23,arp-spoof:arp-spoof-dos,53,0.538689845240619,2c3439ac7cc77a52a17679e2470ddacfc31035c5-dirty,exp16_events_20261003T153317Z.csv,sherlock_supervised
0,24,industroyer:industroyer,95,0.9396044418161508,2c3439ac7cc77a52a17679e2470ddacfc31035c5-dirty,exp16_events_20261003T153317Z.csv,sherlock_supervised
0,25,industroyer:industroyer,92,0.4994863757259947,2c3439ac7cc77a52a17679e2470ddacfc31035c5-dirty,exp16_events_20261003T153317Z.csv,sherlock_supervised
0,27,drift-off:drift-off,244,0.4127430363684738,2c3439ac7cc77a52a17679e2470ddacfc31035c5-dirty,exp16_events_20261003T153317Z.csv,sherlock_supervised
0,29,industroyer:industroyer,90,0.7952906089610209,2c3439ac7cc77a52a17679e2470ddacfc31035c5-dirty,exp16_events_20261003T153317Z.csv,sherlock_supervised
0,30,industroyer:industroyer,87,0.9698552097234778,2c3439ac7cc77a52a17679e2470ddacfc31035c5-dirty,exp16_events_20261003T153317Z.csv,sherlock_supervised
0,31,industroyer:industroyer,90,0.4955194895269801,2c3439ac7cc77a52a17679e2470ddacfc31035c5-dirty,exp16_events_20261003T153317Z.csv,sherlock_supervised
0,32,drift-off:drift-off,221,0.2272908299015371,2c3439ac7cc77a52a17679e2470ddacfc31035c5-dirty,exp16_events_20261003T153317Z.csv,sherlock_supervised
0,34,drift-off:drift-off,470,0.0719110420485032,2c3439ac7cc77a52a17679e2470ddacfc31035c5-dirty,exp16_events_20261003T153317Z.csv,sherlock_supervised
0,35,industroyer:industroyer,159,0.811853108143123,2c3439ac7cc77a52a17679e2470ddacfc31035c5-dirty,exp16_events_20261003T153317Z.csv,sherlock_supervised
0,36,industroyer:industroyer,119,0.1900638907248292,2c3439ac7cc77a52a17679e2470ddacfc31035c5-dirty,exp16_events_20261003T153317Z.csv,sherlock_supervised
1,0,arp-spoof:arp-spoof-dos,68,0.5655458250716017,2c3439ac7cc77a52a17679e2470ddacfc31035c5-dirty,exp16_events_20261003T153317Z.csv,sherlock_supervised
1,1,control-and-freeze:control-and-freeze,179,0.975843045355317,2c3439ac7cc77a52a17679e2470ddacfc31035c5-dirty,exp16_events_20261003T153317Z.csv,sherlock_supervised
1,2,industroyer:industroyer,92,0.7444661564348911,2c3439ac7cc77a52a17679e2470ddacfc31035c5-dirty,exp16_events_20261003T153317Z.csv,sherlock_supervised
1,4,arp-spoof:arp-spoof-dos,77,0.4832214601877523,2c3439ac7cc77a52a17679e2470ddacfc31035c5-dirty,exp16_events_20261003T153317Z.csv,sherlock_supervised
1,6,drift-off:drift-off,243,0.7133480269005307,2c3439ac7cc77a52a17679e2470ddacfc31035c5-dirty,exp16_events_20261003T153317Z.csv,sherlock_supervised
1,7,control-and-freeze:control-and-freeze,516,0.3401930968072854,2c3439ac7cc77a52a17679e2470ddacfc31035c5-dirty,exp16_events_20261003T153317Z.csv,sherlock_supervised
1,8,drift-off:drift-off,248,0.3395833333333333,2c3439ac7cc77a52a17679e2470ddacfc31035c5-dirty,exp16_events_20261003T153317Z.csv,sherlock_supervised
1,10,industroyer:industroyer,86,0.1047847167784455,2c3439ac7cc77a52a17679e2470ddacfc31035c5-dirty,exp16_events_20261003T153317Z.csv,sherlock_supervised
1,11,arp-spoof:arp-spoof-dos,62,0.8734656276428658,2c3439ac7cc77a52a17679e2470ddacfc31035c5-dirty,exp16_events_20261003T153317Z.csv,sherlock_supervised
1,12,drift-off:drift-off,298,0.2944597357330183,2c3439ac7cc77a52a17679e2470ddacfc31035c5-dirty,exp16_events_20261003T153317Z.csv,sherlock_supervised
1,14,control-and-freeze:control-and-freeze,398,0.3234841498378283,2c3439ac7cc77a52a17679e2470ddacfc31035c5-dirty,exp16_events_20261003T153317Z.csv,sherlock_supervised
1,15,control-and-freeze:control-and-freeze,164,0.2016911025851831,2c3439ac7cc77a52a17679e2470ddacfc31035c5-dirty,exp16_events_20261003T153317Z.csv,sherlock_supervised
1,16,drift-off:drift-off,248,0.2959297350086585,2c3439ac7cc77a52a17679e2470ddacfc31035c5-dirty,exp16_events_20261003T153317Z.csv,sherlock_supervised
1,17,arp-spoof:arp-spoof-dos,61,0.7389584740385993,2c3439ac7cc77a52a17679e2470ddacfc31035c5-dirty,exp16_events_20261003T153317Z.csv,sherlock_supervised
1,18,control-and-freeze:control-and-freeze,286,0.5612756781296108,2c3439ac7cc77a52a17679e2470ddacfc31035c5-dirty,exp16_events_20261003T153317Z.csv,sherlock_supervised
1,19,drift-off:drift-off,298,0.4423765595019648,2c3439ac7cc77a52a17679e2470ddacfc31035c5-dirty,exp16_events_20261003T153317Z.csv,sherlock_supervised
1,21,drift-off:drift-off,274,0.3043807011308856,2c3439ac7cc77a52a17679e2470ddacfc31035c5-dirty,exp16_events_20261003T153317Z.csv,sherlock_supervised
1,22,arp-spoof:arp-spoof-dos,66,0.008244429311845,2c3439ac7cc77a52a17679e2470ddacfc31035c5-dirty,exp16_events_20261003T153317Z.csv,sherlock_supervised
1,23,arp-spoof:arp-spoof-dos,53,0.6887251784326196,2c3439ac7cc77a52a17679e2470ddacfc31035c5-dirty,exp16_events_20261003T153317Z.csv,sherlock_supervised
1,24,industroyer:industroyer,95,0.1256442604638938,2c3439ac7cc77a52a17679e2470ddacfc31035c5-dirty,exp16_events_20261003T153317Z.csv,sherlock_supervised
1,25,industroyer:industroyer,92,0.7863662269988602,2c3439ac7cc77a52a17679e2470ddacfc31035c5-dirty,exp16_events_20261003T153317Z.csv,sherlock_supervised
1,27,drift-off:drift-off,244,0.3024349685843515,2c3439ac7cc77a52a17679e2470ddacfc31035c5-dirty,exp16_events_20261003T153317Z.csv,sherlock_supervised
1,29,industroyer:industroyer,90,0.4254223886808156,2c3439ac7cc77a52a17679e2470ddacfc31035c5-dirty,exp16_events_20261003T153317Z.csv,sherlock_supervised
1,30,industroyer:industroyer,87,0.9078386212636504,2c3439ac7cc77a52a17679e2470ddacfc31035c5-dirty,exp16_events_20261003T153317Z.csv,sherlock_supervised
1,31,industroyer:industroyer,90,0.5792134831460675,2c3439ac7cc77a52a17679e2470ddacfc31035c5-dirty,exp16_events_20261003T153317Z.csv,sherlock_supervised
1,32,drift-off:drift-off,221,0.2603541387744957,2c3439ac7cc77a52a17679e2470ddacfc31035c5-dirty,exp16_events_20261003T153317Z.csv,sherlock_supervised
1,34,drift-off:drift-off,470,0.2322997848434138,2c3439ac7cc77a52a17679e2470ddacfc31035c5-dirty,exp16_events_20261003T153317Z.csv,sherlock_supervised
1,35,industroyer:industroyer,159,0.6255070313052081,2c3439ac7cc77a52a17679e2470ddacfc31035c5-dirty,exp16_events_20261003T153317Z.csv,sherlock_supervised
1,36,industroyer:industroyer,119,0.4582339302762303,2c3439ac7cc77a52a17679e2470ddacfc31035c5-dirty,exp16_events_20261003T153317Z.csv,sherlock_supervised
2,0,arp-spoof:arp-spoof-dos,68,0.3388494161709627,2c3439ac7cc77a52a17679e2470ddacfc31035c5-dirty,exp16_events_20261003T153317Z.csv,sherlock_supervised
2,1,control-and-freeze:control-and-freeze,179,0.4634011954330829,2c3439ac7cc77a52a17679e2470ddacfc31035c5-dirty,exp16_events_20261003T153317Z.csv,sherlock_supervised
2,2,industroyer:industroyer,92,0.8506622157086251,2c3439ac7cc77a52a17679e2470ddacfc31035c5-dirty,exp16_events_20261003T153317Z.csv,sherlock_supervised
2,4,arp-spoof:arp-spoof-dos,77,0.3136136647372602,2c3439ac7cc77a52a17679e2470ddacfc31035c5-dirty,exp16_events_20261003T153317Z.csv,sherlock_supervised
2,6,drift-off:drift-off,243,0.7963363696613801,2c3439ac7cc77a52a17679e2470ddacfc31035c5-dirty,exp16_events_20261003T153317Z.csv,sherlock_supervised
2,7,control-and-freeze:control-and-freeze,516,0.4011989615693561,2c3439ac7cc77a52a17679e2470ddacfc31035c5-dirty,exp16_events_20261003T153317Z.csv,sherlock_supervised
2,8,drift-off:drift-off,248,0.3490717248600539,2c3439ac7cc77a52a17679e2470ddacfc31035c5-dirty,exp16_events_20261003T153317Z.csv,sherlock_supervised
2,10,industroyer:industroyer,86,0.6233131550677932,2c3439ac7cc77a52a17679e2470ddacfc31035c5-dirty,exp16_events_20261003T153317Z.csv,sherlock_supervised
2,11,arp-spoof:arp-spoof-dos,62,0.847700455076316,2c3439ac7cc77a52a17679e2470ddacfc31035c5-dirty,exp16_events_20261003T153317Z.csv,sherlock_supervised
2,12,drift-off:drift-off,298,0.2283477448491399,2c3439ac7cc77a52a17679e2470ddacfc31035c5-dirty,exp16_events_20261003T153317Z.csv,sherlock_supervised
2,14,control-and-freeze:control-and-freeze,398,0.5490202259738142,2c3439ac7cc77a52a17679e2470ddacfc31035c5-dirty,exp16_events_20261003T153317Z.csv,sherlock_supervised
2,15,control-and-freeze:control-and-freeze,164,0.4604050577022623,2c3439ac7cc77a52a17679e2470ddacfc31035c5-dirty,exp16_events_20261003T153317Z.csv,sherlock_supervised
2,16,drift-off:drift-off,248,0.3077705287745157,2c3439ac7cc77a52a17679e2470ddacfc31035c5-dirty,exp16_events_20261003T153317Z.csv,sherlock_supervised
2,17,arp-spoof:arp-spoof-dos,61,0.650595567016639,2c3439ac7cc77a52a17679e2470ddacfc31035c5-dirty,exp16_events_20261003T153317Z.csv,sherlock_supervised
2,18,control-and-freeze:control-and-freeze,286,0.3276282706057987,2c3439ac7cc77a52a17679e2470ddacfc31035c5-dirty,exp16_events_20261003T153317Z.csv,sherlock_supervised
2,19,drift-off:drift-off,298,0.6393185112569021,2c3439ac7cc77a52a17679e2470ddacfc31035c5-dirty,exp16_events_20261003T153317Z.csv,sherlock_supervised
2,21,drift-off:drift-off,274,0.2811781805589728,2c3439ac7cc77a52a17679e2470ddacfc31035c5-dirty,exp16_events_20261003T153317Z.csv,sherlock_supervised
2,22,arp-spoof:arp-spoof-dos,66,0.2015227178148526,2c3439ac7cc77a52a17679e2470ddacfc31035c5-dirty,exp16_events_20261003T153317Z.csv,sherlock_supervised
2,23,arp-spoof:arp-spoof-dos,53,0.5820318940946458,2c3439ac7cc77a52a17679e2470ddacfc31035c5-dirty,exp16_events_20261003T153317Z.csv,sherlock_supervised
2,24,industroyer:industroyer,95,0.4850325251330574,2c3439ac7cc77a52a17679e2470ddacfc31035c5-dirty,exp16_events_20261003T153317Z.csv,sherlock_supervised
2,25,industroyer:industroyer,92,0.3794421375454594,2c3439ac7cc77a52a17679e2470ddacfc31035c5-dirty,exp16_events_20261003T153317Z.csv,sherlock_supervised
2,27,drift-off:drift-off,244,0.2604112942837846,2c3439ac7cc77a52a17679e2470ddacfc31035c5-dirty,exp16_events_20261003T153317Z.csv,sherlock_supervised
2,29,industroyer:industroyer,90,0.399709391038979,2c3439ac7cc77a52a17679e2470ddacfc31035c5-dirty,exp16_events_20261003T153317Z.csv,sherlock_supervised
2,30,industroyer:industroyer,87,0.8919253232310187,2c3439ac7cc77a52a17679e2470ddacfc31035c5-dirty,exp16_events_20261003T153317Z.csv,sherlock_supervised
2,31,industroyer:industroyer,90,0.6145255930087391,2c3439ac7cc77a52a17679e2470ddacfc31035c5-dirty,exp16_events_20261003T153317Z.csv,sherlock_supervised
2,32,drift-off:drift-off,221,0.5389744719553047,2c3439ac7cc77a52a17679e2470ddacfc31035c5-dirty,exp16_events_20261003T153317Z.csv,sherlock_supervised
2,34,drift-off:drift-off,470,0.0170532844582569,2c3439ac7cc77a52a17679e2470ddacfc31035c5-dirty,exp16_events_20261003T153317Z.csv,sherlock_supervised
2,35,industroyer:industroyer,159,0.7404557196586028,2c3439ac7cc77a52a17679e2470ddacfc31035c5-dirty,exp16_events_20261003T153317Z.csv,sherlock_supervised
2,36,industroyer:industroyer,119,0.9586436072556364,2c3439ac7cc77a52a17679e2470ddacfc31035c5-dirty,exp16_events_20261003T153317Z.csv,sherlock_supervised
