scenario,detector,event_id,start,n_slices,attack_type,n_attack_points,catalog_start_offset_s,mean_score,max_score,event_auroc,detected,delay_slices,frac_slices_alarmed,source_file,ablation_axis
02-Semiurban,pca_spe,0,721,68,arp-spoof:arp-spoof-dos,0,0.4652283191680908,288.5773620605469,330.5395812988281,0.1227950356172431,False,,0.0,exp15_events_20261003T123459Z.csv,sherlock_rolling_baseline
02-Semiurban,pca_spe,1,999,179,control-and-freeze:control-and-freeze,0,1.3641412258148191,1185.5980224609375,1448.7998046875,0.7995511895047392,False,,0.0,exp15_events_20261003T123459Z.csv,sherlock_rolling_baseline
02-Semiurban,pca_spe,2,1625,92,industroyer:industroyer,1,1.436506748199463,4269.02294921875,4649.345703125,0.9534569559789392,True,1.0,0.9891304347826086,exp15_events_20261003T123459Z.csv,sherlock_rolling_baseline
02-Semiurban,pca_spe,4,2523,77,arp-spoof:arp-spoof-dos,0,0.8565738201141357,691.03466796875,822.8029174804688,0.633453718566078,False,,0.0,exp15_events_20261003T123459Z.csv,sherlock_rolling_baseline
02-Semiurban,pca_spe,6,3737,243,drift-off:drift-off,0,0.8841006755828857,561.1517333984375,914.999267578125,0.4969551948952698,False,,0.0,exp15_events_20261003T123459Z.csv,sherlock_rolling_baseline
02-Semiurban,pca_spe,7,4633,516,control-and-freeze:control-and-freeze,0,0.9337930679321288,325.6083679199219,443.6114196777344,0.2012139017120072,False,,0.0,exp15_events_20261003T123459Z.csv,sherlock_rolling_baseline
02-Semiurban,pca_spe,8,5203,248,drift-off:drift-off,0,0.6386191844940186,411.1371154785156,653.6693725585938,0.3449521263742902,False,,0.0,exp15_events_20261003T123459Z.csv,sherlock_rolling_baseline
02-Semiurban,pca_spe,10,6463,86,industroyer:industroyer,1,1.4974915981292725,4603.65283203125,4771.392578125,0.9518566907644516,True,1.0,0.9883720930232558,exp15_events_20261003T123459Z.csv,sherlock_rolling_baseline
02-Semiurban,pca_spe,11,7083,62,arp-spoof:arp-spoof-dos,0,0.844376802444458,238.9794006347656,289.2052917480469,0.0388214328863114,False,,0.0,exp15_events_20261003T123459Z.csv,sherlock_rolling_baseline
02-Semiurban,pca_spe,12,7491,298,drift-off:drift-off,0,0.9449913501739502,292.1048583984375,361.6506042480469,0.1325919153072083,False,,0.0,exp15_events_20261003T123459Z.csv,sherlock_rolling_baseline
02-Semiurban,pca_spe,14,8653,398,control-and-freeze:control-and-freeze,0,1.0756793022155762,468.8677673339844,784.8487548828125,0.3789231739220447,False,,0.0,exp15_events_20261003T123459Z.csv,sherlock_rolling_baseline
02-Semiurban,pca_spe,15,9105,164,control-and-freeze:control-and-freeze,0,1.3801748752593994,1721.1810302734375,2106.02294921875,0.8358328765871929,False,,0.0,exp15_events_20261003T123459Z.csv,sherlock_rolling_baseline
02-Semiurban,pca_spe,16,9628,248,drift-off:drift-off,0,0.6641819477081299,393.0641479492187,707.9336547851562,0.2946865812895171,False,,0.0,exp15_events_20261003T123459Z.csv,sherlock_rolling_baseline
02-Semiurban,pca_spe,17,10093,61,arp-spoof:arp-spoof-dos,0,0.6689882278442383,284.4383850097656,339.7276916503906,0.1136775751621948,False,,0.0,exp15_events_20261003T123459Z.csv,sherlock_rolling_baseline
02-Semiurban,pca_spe,18,10428,286,control-and-freeze:control-and-freeze,0,0.6715810298919678,1381.9930419921875,1738.207275390625,0.7600420802667994,False,,0.0,exp15_events_20261003T123459Z.csv,sherlock_rolling_baseline
02-Semiurban,pca_spe,19,11301,298,drift-off:drift-off,0,0.8994789123535156,345.302734375,549.4472045898438,0.2342276642451968,False,,0.0,exp15_events_20261003T123459Z.csv,sherlock_rolling_baseline
02-Semiurban,pca_spe,21,12274,274,drift-off:drift-off,0,0.9234037399291992,381.2118225097656,800.4912719726562,0.2696385448845877,False,,0.0,exp15_events_20261003T123459Z.csv,sherlock_rolling_baseline
02-Semiurban,pca_spe,22,12918,66,arp-spoof:arp-spoof-dos,0,1.9414846897125244,596.612548828125,692.5907592773438,0.5677070328755721,False,,0.0,exp15_events_20261003T123459Z.csv,sherlock_rolling_baseline
02-Semiurban,pca_spe,23,13276,53,arp-spoof:arp-spoof-dos,0,1.0002238750457764,371.1342468261719,456.732421875,0.2919063434857372,False,,0.0,exp15_events_20261003T123459Z.csv,sherlock_rolling_baseline
02-Semiurban,pca_spe,24,13807,95,industroyer:industroyer,2,1.0901639461517334,21336.66796875,22441.53125,0.9905026611472502,True,1.0,0.9894736842105264,exp15_events_20261003T123459Z.csv,sherlock_rolling_baseline
02-Semiurban,pca_spe,25,14150,92,industroyer:industroyer,1,1.581573724746704,7533.4560546875,7853.61572265625,0.979672827443956,True,1.0,0.9891304347826086,exp15_events_20261003T123459Z.csv,sherlock_rolling_baseline
02-Semiurban,pca_spe,27,15127,244,drift-off:drift-off,0,1.219916582107544,1655.4686279296875,3209.26318359375,0.7977090624424388,True,0.0,0.3442622950819672,exp15_events_20261003T123459Z.csv,sherlock_rolling_baseline
02-Semiurban,pca_spe,29,16915,90,industroyer:industroyer,1,0.4768764972686767,13497.5068359375,13850.19921875,0.9876508531002912,True,1.0,0.9888888888888888,exp15_events_20261003T123459Z.csv,sherlock_rolling_baseline
02-Semiurban,pca_spe,30,17260,87,industroyer:industroyer,2,1.009890079498291,4468.71728515625,4962.2421875,0.9498278014550776,True,3.0,0.9655172413793104,exp15_events_20261003T123459Z.csv,sherlock_rolling_baseline
02-Semiurban,pca_spe,31,17562,90,industroyer:industroyer,1,1.4708023071289062,916.4266357421876,992.5250854492188,0.730561797752809,False,,0.0,exp15_events_20261003T123459Z.csv,sherlock_rolling_baseline
02-Semiurban,pca_spe,32,17957,221,drift-off:drift-off,0,0.7110674381256104,1582.8792724609375,2065.759033203125,0.8516500867128759,False,,0.0,exp15_events_20261003T123459Z.csv,sherlock_rolling_baseline
02-Semiurban,pca_spe,34,19411,470,drift-off:drift-off,0,1.987013339996338,850.7404174804688,2605.68017578125,0.5391877838871624,True,291.0,0.0744680851063829,exp15_events_20261003T123459Z.csv,sherlock_rolling_baseline
02-Semiurban,pca_spe,35,19923,159,industroyer:industroyer,1,0.1102056503295898,540.444580078125,863.903076171875,0.4884703868591933,False,,0.0,exp15_events_20261003T123459Z.csv,sherlock_rolling_baseline
02-Semiurban,pca_spe,36,20572,119,industroyer:industroyer,1,1.990530252456665,645.308349609375,768.0626220703125,0.5993574208709701,False,,0.0,exp15_events_20261003T123459Z.csv,sherlock_rolling_baseline
02-Semiurban,pca_t2,0,721,68,arp-spoof:arp-spoof-dos,0,0.4652283191680908,56.77326965332031,77.15420532226562,0.3170118234559742,False,,0.0,exp15_events_20261003T123459Z.csv,sherlock_rolling_baseline
02-Semiurban,pca_t2,1,999,179,control-and-freeze:control-and-freeze,0,1.3641412258148191,218.12596130371097,339.7968444824219,0.7653230249897126,False,,0.0,exp15_events_20261003T123459Z.csv,sherlock_rolling_baseline
02-Semiurban,pca_t2,2,1625,92,industroyer:industroyer,1,1.436506748199463,129.55906677246094,194.92205810546875,0.6887633664441187,False,,0.0,exp15_events_20261003T123459Z.csv,sherlock_rolling_baseline
02-Semiurban,pca_t2,4,2523,77,arp-spoof:arp-spoof-dos,0,0.8565738201141357,160.37608337402344,236.38650512695312,0.7573268803605883,False,,0.0,exp15_events_20261003T123459Z.csv,sherlock_rolling_baseline
02-Semiurban,pca_t2,6,3737,243,drift-off:drift-off,0,0.8841006755828857,83.90139770507812,148.84315490722656,0.5017568060500506,False,,0.0,exp15_events_20261003T123459Z.csv,sherlock_rolling_baseline
02-Semiurban,pca_t2,7,4633,516,control-and-freeze:control-and-freeze,0,0.9337930679321288,57.24081039428711,94.05791473388672,0.3114681623745512,False,,0.0,exp15_events_20261003T123459Z.csv,sherlock_rolling_baseline
02-Semiurban,pca_t2,8,5203,248,drift-off:drift-off,0,0.6386191844940186,108.1899642944336,224.061279296875,0.5989179352422376,False,,0.0,exp15_events_20261003T123459Z.csv,sherlock_rolling_baseline
02-Semiurban,pca_t2,10,6463,86,industroyer:industroyer,1,1.4974915981292725,215.7705078125,294.5303039550781,0.8453611764364312,False,,0.0,exp15_events_20261003T123459Z.csv,sherlock_rolling_baseline
02-Semiurban,pca_t2,11,7083,62,arp-spoof:arp-spoof-dos,0,0.844376802444458,44.99657440185547,60.458221435546875,0.1987545809673392,False,,0.0,exp15_events_20261003T123459Z.csv,sherlock_rolling_baseline
02-Semiurban,pca_t2,12,7491,298,drift-off:drift-off,0,0.9449913501739502,40.62979888916016,69.37174987792969,0.1580383999865939,False,,0.0,exp15_events_20261003T123459Z.csv,sherlock_rolling_baseline
02-Semiurban,pca_t2,14,8653,398,control-and-freeze:control-and-freeze,0,1.0756793022155762,128.94557189941406,257.3312683105469,0.6531170208094154,False,,0.0,exp15_events_20261003T123459Z.csv,sherlock_rolling_baseline
02-Semiurban,pca_t2,15,9105,164,control-and-freeze:control-and-freeze,0,1.3801748752593994,253.33929443359375,336.95733642578125,0.8780278462896989,False,,0.0,exp15_events_20261003T123459Z.csv,sherlock_rolling_baseline
02-Semiurban,pca_t2,16,9628,248,drift-off:drift-off,0,0.6641819477081299,68.37942504882812,155.04046630859375,0.357580494140389,False,,0.0,exp15_events_20261003T123459Z.csv,sherlock_rolling_baseline
02-Semiurban,pca_t2,17,10093,61,arp-spoof:arp-spoof-dos,0,0.6689882278442383,63.14998245239258,85.85694885253906,0.3658377847362927,False,,0.0,exp15_events_20261003T123459Z.csv,sherlock_rolling_baseline
02-Semiurban,pca_t2,18,10428,286,control-and-freeze:control-and-freeze,0,0.6715810298919678,88.92398071289062,137.71730041503906,0.5225068314955955,False,,0.0,exp15_events_20261003T123459Z.csv,sherlock_rolling_baseline
02-Semiurban,pca_t2,19,11301,298,drift-off:drift-off,0,0.8994789123535156,69.87512969970703,107.29214477539062,0.4122132359718137,False,,0.0,exp15_events_20261003T123459Z.csv,sherlock_rolling_baseline
02-Semiurban,pca_t2,21,12274,274,drift-off:drift-off,0,0.9234037399291992,76.6417236328125,156.3226318359375,0.3981072928911853,False,,0.0,exp15_events_20261003T123459Z.csv,sherlock_rolling_baseline
02-Semiurban,pca_t2,22,12918,66,arp-spoof:arp-spoof-dos,0,1.9414846897125244,99.6474380493164,130.9319610595703,0.5897760375288466,False,,0.0,exp15_events_20261003T123459Z.csv,sherlock_rolling_baseline
02-Semiurban,pca_t2,23,13276,53,arp-spoof:arp-spoof-dos,0,1.0002238750457764,47.36494064331055,59.591705322265625,0.2206816950509975,False,,0.0,exp15_events_20261003T123459Z.csv,sherlock_rolling_baseline
02-Semiurban,pca_t2,24,13807,95,industroyer:industroyer,2,1.0901639461517334,1886.459716796875,2066.8671875,0.989245022669032,True,2.0,0.9789473684210528,exp15_events_20261003T123459Z.csv,sherlock_rolling_baseline
02-Semiurban,pca_t2,25,14150,92,industroyer:industroyer,1,1.581573724746704,366.7965698242187,433.4782104492187,0.939788579493025,False,,0.0,exp15_events_20261003T123459Z.csv,sherlock_rolling_baseline
02-Semiurban,pca_t2,27,15127,244,drift-off:drift-off,0,1.219916582107544,182.74789428710935,303.622802734375,0.7793270706698594,False,,0.0,exp15_events_20261003T123459Z.csv,sherlock_rolling_baseline
02-Semiurban,pca_t2,29,16915,90,industroyer:industroyer,1,0.4768764972686767,654.3400268554688,719.3814086914062,0.980749063670412,True,1.0,0.9888888888888888,exp15_events_20261003T123459Z.csv,sherlock_rolling_baseline
02-Semiurban,pca_t2,30,17260,87,industroyer:industroyer,2,1.009890079498291,229.2785491943359,281.88031005859375,0.8520010905907845,False,,0.0,exp15_events_20261003T123459Z.csv,sherlock_rolling_baseline
02-Semiurban,pca_t2,31,17562,90,industroyer:industroyer,1,1.4708023071289062,53.101409912109375,72.37840270996094,0.27921417672354,False,,0.0,exp15_events_20261003T123459Z.csv,sherlock_rolling_baseline
02-Semiurban,pca_t2,32,17957,221,drift-off:drift-off,0,0.7110674381256104,153.0894317626953,264.830810546875,0.7372198778675977,False,,0.0,exp15_events_20261003T123459Z.csv,sherlock_rolling_baseline
02-Semiurban,pca_t2,34,19411,470,drift-off:drift-off,0,1.987013339996338,80.63131713867188,241.6271820068359,0.4047137886152947,False,,0.0,exp15_events_20261003T123459Z.csv,sherlock_rolling_baseline
02-Semiurban,pca_t2,35,19923,159,industroyer:industroyer,1,0.1102056503295898,33.58013153076172,56.529396057128906,0.0967858573010152,False,,0.0,exp15_events_20261003T123459Z.csv,sherlock_rolling_baseline
02-Semiurban,pca_t2,36,20572,119,industroyer:industroyer,1,1.990530252456665,58.80751419067383,80.14675903320312,0.3339182114793483,False,,0.0,exp15_events_20261003T123459Z.csv,sherlock_rolling_baseline
02-Semiurban,max_abs_z,0,721,68,arp-spoof:arp-spoof-dos,0,0.4652283191680908,4.42101526260376,5.157865047454834,0.24874238084747,False,,0.0,exp15_events_20261003T123459Z.csv,sherlock_rolling_baseline
02-Semiurban,max_abs_z,1,999,179,control-and-freeze:control-and-freeze,0,1.3641412258148191,9.680837631225586,10.0,0.758879264048431,True,27.0,0.8491620111731844,exp15_events_20261003T123459Z.csv,sherlock_rolling_baseline
02-Semiurban,max_abs_z,2,1625,92,industroyer:industroyer,1,1.436506748199463,10.0,10.0,0.8014669163545568,True,0.0,1.0,exp15_events_20261003T123459Z.csv,sherlock_rolling_baseline
02-Semiurban,max_abs_z,4,2523,77,arp-spoof:arp-spoof-dos,0,0.8565738201141357,7.724461078643799,9.775901794433594,0.508607746809994,False,,0.0,exp15_events_20261003T123459Z.csv,sherlock_rolling_baseline
02-Semiurban,max_abs_z,6,3737,243,drift-off:drift-off,0,0.8841006755828857,9.01604461669922,10.0,0.6538472999285873,True,1.0,0.5473251028806584,exp15_events_20261003T123459Z.csv,sherlock_rolling_baseline
02-Semiurban,max_abs_z,7,4633,516,control-and-freeze:control-and-freeze,0,0.9337930679321288,3.0060744285583496,4.963227272033691,0.0912019495978863,False,,0.0,exp15_events_20261003T123459Z.csv,sherlock_rolling_baseline
02-Semiurban,max_abs_z,8,5203,248,drift-off:drift-off,0,0.6386191844940186,4.622590065002441,5.780642509460449,0.2685374380814305,False,,0.0,exp15_events_20261003T123459Z.csv,sherlock_rolling_baseline
02-Semiurban,max_abs_z,10,6463,86,industroyer:industroyer,1,1.4974915981292725,10.0,10.0,0.8014669163545568,True,0.0,1.0,exp15_events_20261003T123459Z.csv,sherlock_rolling_baseline
02-Semiurban,max_abs_z,11,7083,62,arp-spoof:arp-spoof-dos,0,0.844376802444458,2.6642091274261475,3.3723690509796143,0.0572152752607627,False,,0.0,exp15_events_20261003T123459Z.csv,sherlock_rolling_baseline
02-Semiurban,max_abs_z,12,7491,298,drift-off:drift-off,0,0.9449913501739502,3.658256292343139,5.167258262634277,0.1597820258234254,False,,0.0,exp15_events_20261003T123459Z.csv,sherlock_rolling_baseline
02-Semiurban,max_abs_z,14,8653,398,control-and-freeze:control-and-freeze,0,1.0756793022155762,6.625293254852295,10.0,0.4497538409902195,True,113.0,0.2336683417085427,exp15_events_20261003T123459Z.csv,sherlock_rolling_baseline
02-Semiurban,max_abs_z,15,9105,164,control-and-freeze:control-and-freeze,0,1.3801748752593994,9.696314811706545,10.0,0.7566789607502817,True,27.0,0.8353658536585366,exp15_events_20261003T123459Z.csv,sherlock_rolling_baseline
02-Semiurban,max_abs_z,16,9628,248,drift-off:drift-off,0,0.6641819477081299,6.702578544616699,10.0,0.453649420079739,True,0.0,0.2741935483870967,exp15_events_20261003T123459Z.csv,sherlock_rolling_baseline
02-Semiurban,max_abs_z,17,10093,61,arp-spoof:arp-spoof-dos,0,0.6689882278442383,3.7505218982696538,5.353972434997559,0.1697964634370971,False,,0.0,exp15_events_20261003T123459Z.csv,sherlock_rolling_baseline
02-Semiurban,max_abs_z,18,10428,286,control-and-freeze:control-and-freeze,0,0.6715810298919678,9.34080982208252,10.0,0.7307905109871402,True,29.0,0.8426573426573427,exp15_events_20261003T123459Z.csv,sherlock_rolling_baseline
02-Semiurban,max_abs_z,19,11301,298,drift-off:drift-off,0,0.8994789123535156,4.056862831115723,5.43613862991333,0.2054240085798792,False,,0.0,exp15_events_20261003T123459Z.csv,sherlock_rolling_baseline
02-Semiurban,max_abs_z,21,12274,274,drift-off:drift-off,0,0.9234037399291992,3.867502450942993,4.976728439331055,0.184048793934589,False,,0.0,exp15_events_20261003T123459Z.csv,sherlock_rolling_baseline
02-Semiurban,max_abs_z,22,12918,66,arp-spoof:arp-spoof-dos,0,1.9414846897125244,9.42990016937256,10.0,0.6954829190784247,True,28.0,0.5757575757575758,exp15_events_20261003T123459Z.csv,sherlock_rolling_baseline
02-Semiurban,max_abs_z,23,13276,53,arp-spoof:arp-spoof-dos,0,1.0002238750457764,5.762303352355957,6.015768527984619,0.3815878736485054,False,,0.0,exp15_events_20261003T123459Z.csv,sherlock_rolling_baseline
02-Semiurban,max_abs_z,24,13807,95,industroyer:industroyer,2,1.0901639461517334,9.921586990356444,10.0,0.7935087719298245,True,1.0,0.9894736842105264,exp15_events_20261003T123459Z.csv,sherlock_rolling_baseline
02-Semiurban,max_abs_z,25,14150,92,industroyer:industroyer,1,1.581573724746704,10.0,10.0,0.8014669163545568,True,0.0,1.0,exp15_events_20261003T123459Z.csv,sherlock_rolling_baseline
02-Semiurban,max_abs_z,27,15127,244,drift-off:drift-off,0,1.219916582107544,10.0,10.0,0.8014669163545568,True,0.0,1.0,exp15_events_20261003T123459Z.csv,sherlock_rolling_baseline
02-Semiurban,max_abs_z,29,16915,90,industroyer:industroyer,1,0.4768764972686767,9.93217945098877,10.0,0.7945654737134138,True,1.0,0.9888888888888888,exp15_events_20261003T123459Z.csv,sherlock_rolling_baseline
02-Semiurban,max_abs_z,30,17260,87,industroyer:industroyer,2,1.009890079498291,10.0,10.0,0.8014669163545568,True,0.0,1.0,exp15_events_20261003T123459Z.csv,sherlock_rolling_baseline
02-Semiurban,max_abs_z,31,17562,90,industroyer:industroyer,1,1.4708023071289062,10.0,10.0,0.8014669163545568,True,0.0,1.0,exp15_events_20261003T123459Z.csv,sherlock_rolling_baseline
02-Semiurban,max_abs_z,32,17957,221,drift-off:drift-off,0,0.7110674381256104,9.791000366210938,10.0,0.755911021856164,True,0.0,0.8099547511312217,exp15_events_20261003T123459Z.csv,sherlock_rolling_baseline
02-Semiurban,max_abs_z,34,19411,470,drift-off:drift-off,0,1.987013339996338,7.252806663513184,10.0,0.5085759821499721,True,206.0,0.325531914893617,exp15_events_20261003T123459Z.csv,sherlock_rolling_baseline
02-Semiurban,max_abs_z,35,19923,159,industroyer:industroyer,1,0.1102056503295898,9.956729888916016,10.0,0.7970795153856421,True,1.0,0.9937106918238994,exp15_events_20261003T123459Z.csv,sherlock_rolling_baseline
02-Semiurban,max_abs_z,36,20572,119,industroyer:industroyer,1,1.990530252456665,10.0,10.0,0.8014669163545568,True,0.0,1.0,exp15_events_20261003T123459Z.csv,sherlock_rolling_baseline
02-Semiurban,top_k_mean_abs_z,0,721,68,arp-spoof:arp-spoof-dos,0,0.4652283191680908,2.7524116039276123,3.068558931350708,0.1929600866563854,False,,0.0,exp15_events_20261003T123459Z.csv,sherlock_rolling_baseline
02-Semiurban,top_k_mean_abs_z,1,999,179,control-and-freeze:control-and-freeze,0,1.3641412258148191,8.200753211975098,9.231321334838867,0.8610818181184134,True,70.0,0.1340782122905028,exp15_events_20261003T123459Z.csv,sherlock_rolling_baseline
02-Semiurban,top_k_mean_abs_z,2,1625,92,industroyer:industroyer,1,1.436506748199463,9.981536865234377,10.0,0.955991152363893,True,1.0,0.9891304347826086,exp15_events_20261003T123459Z.csv,sherlock_rolling_baseline
02-Semiurban,top_k_mean_abs_z,4,2523,77,arp-spoof:arp-spoof-dos,0,0.8565738201141357,5.89970588684082,6.780387878417969,0.7265179888775395,False,,0.0,exp15_events_20261003T123459Z.csv,sherlock_rolling_baseline
02-Semiurban,top_k_mean_abs_z,6,3737,243,drift-off:drift-off,0,0.8841006755828857,4.608448505401611,8.121757507324219,0.5126654952913796,False,,0.0,exp15_events_20261003T123459Z.csv,sherlock_rolling_baseline
02-Semiurban,top_k_mean_abs_z,7,4633,516,control-and-freeze:control-and-freeze,0,0.9337930679321288,2.54097580909729,3.843172073364258,0.1300998509614919,False,,0.0,exp15_events_20261003T123459Z.csv,sherlock_rolling_baseline
02-Semiurban,top_k_mean_abs_z,8,5203,248,drift-off:drift-off,0,0.6386191844940186,3.339609384536743,4.7174787521362305,0.3155448330715638,False,,0.0,exp15_events_20261003T123459Z.csv,sherlock_rolling_baseline
02-Semiurban,top_k_mean_abs_z,10,6463,86,industroyer:industroyer,1,1.4974915981292725,9.930949211120604,10.0,0.9511649682083442,True,1.0,0.9883720930232558,exp15_events_20261003T123459Z.csv,sherlock_rolling_baseline
02-Semiurban,top_k_mean_abs_z,11,7083,62,arp-spoof:arp-spoof-dos,0,0.844376802444458,2.244783401489258,2.567624807357788,0.0605301840441383,False,,0.0,exp15_events_20261003T123459Z.csv,sherlock_rolling_baseline
02-Semiurban,top_k_mean_abs_z,12,7491,298,drift-off:drift-off,0,0.9449913501739502,2.8165650367736816,3.5571093559265137,0.2037128505475538,False,,0.0,exp15_events_20261003T123459Z.csv,sherlock_rolling_baseline
02-Semiurban,top_k_mean_abs_z,14,8653,398,control-and-freeze:control-and-freeze,0,1.0756793022155762,4.267589092254639,6.165273189544678,0.4792621032754283,False,,0.0,exp15_events_20261003T123459Z.csv,sherlock_rolling_baseline
02-Semiurban,top_k_mean_abs_z,15,9105,164,control-and-freeze:control-and-freeze,0,1.3801748752593994,9.09837245941162,9.920495986938477,0.8672943119880637,True,27.0,0.8353658536585366,exp15_events_20261003T123459Z.csv,sherlock_rolling_baseline
02-Semiurban,top_k_mean_abs_z,16,9628,248,drift-off:drift-off,0,0.6641819477081299,3.676458597183227,6.286075115203857,0.3665113668398372,False,,0.0,exp15_events_20261003T123459Z.csv,sherlock_rolling_baseline
02-Semiurban,top_k_mean_abs_z,17,10093,61,arp-spoof:arp-spoof-dos,0,0.6689882278442383,2.5797770023345947,3.0291950702667236,0.1480587789852847,False,,0.0,exp15_events_20261003T123459Z.csv,sherlock_rolling_baseline
02-Semiurban,top_k_mean_abs_z,18,10428,286,control-and-freeze:control-and-freeze,0,0.6715810298919678,8.73058795928955,10.0,0.8239305326383979,True,41.0,0.7552447552447552,exp15_events_20261003T123459Z.csv,sherlock_rolling_baseline
02-Semiurban,top_k_mean_abs_z,19,11301,298,drift-off:drift-off,0,0.8994789123535156,3.345924615859986,4.775689125061035,0.3174445324217212,False,,0.0,exp15_events_20261003T123459Z.csv,sherlock_rolling_baseline
02-Semiurban,top_k_mean_abs_z,21,12274,274,drift-off:drift-off,0,0.9234037399291992,2.938990354537964,4.231365203857422,0.2252868221292727,False,,0.0,exp15_events_20261003T123459Z.csv,sherlock_rolling_baseline
02-Semiurban,top_k_mean_abs_z,22,12918,66,arp-spoof:arp-spoof-dos,0,1.9414846897125244,4.029483795166016,4.227927207946777,0.4542673930314379,False,,0.0,exp15_events_20261003T123459Z.csv,sherlock_rolling_baseline
02-Semiurban,top_k_mean_abs_z,23,13276,53,arp-spoof:arp-spoof-dos,0,1.0002238750457764,2.992321491241455,3.15816593170166,0.249022448354651,False,,0.0,exp15_events_20261003T123459Z.csv,sherlock_rolling_baseline
02-Semiurban,top_k_mean_abs_z,24,13807,95,industroyer:industroyer,2,1.0901639461517334,9.917508125305176,10.0,0.9472153229515736,True,1.0,0.9894736842105264,exp15_events_20261003T123459Z.csv,sherlock_rolling_baseline
02-Semiurban,top_k_mean_abs_z,25,14150,92,industroyer:industroyer,1,1.581573724746704,9.94161891937256,10.0,0.9525945828583836,True,1.0,0.9891304347826086,exp15_events_20261003T123459Z.csv,sherlock_rolling_baseline
02-Semiurban,top_k_mean_abs_z,27,15127,244,drift-off:drift-off,0,1.219916582107544,6.387131214141846,8.718565940856934,0.7170823867706351,False,,0.0,exp15_events_20261003T123459Z.csv,sherlock_rolling_baseline
02-Semiurban,top_k_mean_abs_z,29,16915,90,industroyer:industroyer,1,0.4768764972686767,9.91685676574707,10.0,0.947870023581634,True,1.0,0.9888888888888888,exp15_events_20261003T123459Z.csv,sherlock_rolling_baseline
02-Semiurban,top_k_mean_abs_z,30,17260,87,industroyer:industroyer,2,1.009890079498291,9.828383445739746,10.0,0.9438711667886406,True,3.0,0.9655172413793104,exp15_events_20261003T123459Z.csv,sherlock_rolling_baseline
02-Semiurban,top_k_mean_abs_z,31,17562,90,industroyer:industroyer,1,1.4708023071289062,6.778976917266846,6.9485015869140625,0.8013490081842142,False,,0.0,exp15_events_20261003T123459Z.csv,sherlock_rolling_baseline
02-Semiurban,top_k_mean_abs_z,32,17957,221,drift-off:drift-off,0,0.7110674381256104,5.807295799255371,7.0558271408081055,0.7165898396235475,False,,0.0,exp15_events_20261003T123459Z.csv,sherlock_rolling_baseline
02-Semiurban,top_k_mean_abs_z,34,19411,470,drift-off:drift-off,0,1.987013339996338,3.8538942337036137,5.638547897338867,0.4028295747337105,False,,0.0,exp15_events_20261003T123459Z.csv,sherlock_rolling_baseline
02-Semiurban,top_k_mean_abs_z,35,19923,159,industroyer:industroyer,1,0.1102056503295898,3.5819332599639893,4.25776481628418,0.3664746896567969,False,,0.0,exp15_events_20261003T123459Z.csv,sherlock_rolling_baseline
02-Semiurban,top_k_mean_abs_z,36,20572,119,industroyer:industroyer,1,1.990530252456665,3.663883209228515,4.444765567779541,0.3810457516339869,False,,0.0,exp15_events_20261003T123459Z.csv,sherlock_rolling_baseline
02-Semiurban,nonfinite_total,0,721,68,arp-spoof:arp-spoof-dos,0,0.4652283191680908,1.0,1.0,0.3722846441947565,True,0.0,1.0,exp15_events_20261003T123459Z.csv,sherlock_rolling_baseline
02-Semiurban,nonfinite_total,1,999,179,control-and-freeze:control-and-freeze,0,1.3641412258148191,2.698323965072632,3.0,0.4830679527685365,True,0.0,1.0,exp15_events_20261003T123459Z.csv,sherlock_rolling_baseline
02-Semiurban,nonfinite_total,2,1625,92,industroyer:industroyer,1,1.436506748199463,162.22825622558594,164.0,0.8165289312272703,True,0.0,1.0,exp15_events_20261003T123459Z.csv,sherlock_rolling_baseline
02-Semiurban,nonfinite_total,4,2523,77,arp-spoof:arp-spoof-dos,0,0.8565738201141357,1.0,1.0,0.3722846441947565,True,0.0,1.0,exp15_events_20261003T123459Z.csv,sherlock_rolling_baseline
02-Semiurban,nonfinite_total,6,3737,243,drift-off:drift-off,0,0.8841006755828857,1.0,1.0,0.3722846441947565,True,0.0,1.0,exp15_events_20261003T123459Z.csv,sherlock_rolling_baseline
02-Semiurban,nonfinite_total,7,4633,516,control-and-freeze:control-and-freeze,0,0.9337930679321288,1.0,1.0,0.3722846441947565,True,0.0,1.0,exp15_events_20261003T123459Z.csv,sherlock_rolling_baseline
02-Semiurban,nonfinite_total,8,5203,248,drift-off:drift-off,0,0.6386191844940186,1.0,1.0,0.3722846441947565,True,0.0,1.0,exp15_events_20261003T123459Z.csv,sherlock_rolling_baseline
02-Semiurban,nonfinite_total,10,6463,86,industroyer:industroyer,1,1.4974915981292725,28.66279029846191,29.0,0.7742745260285109,True,1.0,0.9883720930232558,exp15_events_20261003T123459Z.csv,sherlock_rolling_baseline
02-Semiurban,nonfinite_total,11,7083,62,arp-spoof:arp-spoof-dos,0,0.844376802444458,0.0,0.0,0.1210049937578027,False,,0.0,exp15_events_20261003T123459Z.csv,sherlock_rolling_baseline
02-Semiurban,nonfinite_total,12,7491,298,drift-off:drift-off,0,0.9449913501739502,0.0,0.0,0.1210049937578027,False,,0.0,exp15_events_20261003T123459Z.csv,sherlock_rolling_baseline
02-Semiurban,nonfinite_total,14,8653,398,control-and-freeze:control-and-freeze,0,1.0756793022155762,0.0,0.0,0.1210049937578027,False,,0.0,exp15_events_20261003T123459Z.csv,sherlock_rolling_baseline
02-Semiurban,nonfinite_total,15,9105,164,control-and-freeze:control-and-freeze,0,1.3801748752593994,15.87195110321045,19.0,0.6731442784933467,True,27.0,0.8353658536585366,exp15_events_20261003T123459Z.csv,sherlock_rolling_baseline
02-Semiurban,nonfinite_total,16,9628,248,drift-off:drift-off,0,0.6641819477081299,0.0,0.0,0.1210049937578027,False,,0.0,exp15_events_20261003T123459Z.csv,sherlock_rolling_baseline
02-Semiurban,nonfinite_total,17,10093,61,arp-spoof:arp-spoof-dos,0,0.6689882278442383,0.0,0.0,0.1210049937578027,False,,0.0,exp15_events_20261003T123459Z.csv,sherlock_rolling_baseline
02-Semiurban,nonfinite_total,18,10428,286,control-and-freeze:control-and-freeze,0,0.6715810298919678,0.0,0.0,0.1210049937578027,False,,0.0,exp15_events_20261003T123459Z.csv,sherlock_rolling_baseline
02-Semiurban,nonfinite_total,19,11301,298,drift-off:drift-off,0,0.8994789123535156,0.0,0.0,0.1210049937578027,False,,0.0,exp15_events_20261003T123459Z.csv,sherlock_rolling_baseline
02-Semiurban,nonfinite_total,21,12274,274,drift-off:drift-off,0,0.9234037399291992,8.0,8.0,0.6370474406991261,True,0.0,1.0,exp15_events_20261003T123459Z.csv,sherlock_rolling_baseline
02-Semiurban,nonfinite_total,22,12918,66,arp-spoof:arp-spoof-dos,0,1.9414846897125244,8.0,8.0,0.6370474406991261,True,0.0,1.0,exp15_events_20261003T123459Z.csv,sherlock_rolling_baseline
02-Semiurban,nonfinite_total,23,13276,53,arp-spoof:arp-spoof-dos,0,1.0002238750457764,8.0,8.0,0.6370474406991261,True,0.0,1.0,exp15_events_20261003T123459Z.csv,sherlock_rolling_baseline
02-Semiurban,nonfinite_total,24,13807,95,industroyer:industroyer,2,1.0901639461517334,9.90526294708252,189.0,0.6389881069715487,True,0.0,1.0,exp15_events_20261003T123459Z.csv,sherlock_rolling_baseline
02-Semiurban,nonfinite_total,25,14150,92,industroyer:industroyer,1,1.581573724746704,8.0,8.0,0.6370474406991261,True,0.0,1.0,exp15_events_20261003T123459Z.csv,sherlock_rolling_baseline
02-Semiurban,nonfinite_total,27,15127,244,drift-off:drift-off,0,1.219916582107544,8.0,8.0,0.6370474406991261,True,0.0,1.0,exp15_events_20261003T123459Z.csv,sherlock_rolling_baseline
02-Semiurban,nonfinite_total,29,16915,90,industroyer:industroyer,1,0.4768764972686767,8.0,8.0,0.6370474406991261,True,0.0,1.0,exp15_events_20261003T123459Z.csv,sherlock_rolling_baseline
02-Semiurban,nonfinite_total,30,17260,87,industroyer:industroyer,2,1.009890079498291,53.37931060791016,55.0,0.7960082224805201,True,0.0,1.0,exp15_events_20261003T123459Z.csv,sherlock_rolling_baseline
02-Semiurban,nonfinite_total,31,17562,90,industroyer:industroyer,1,1.4708023071289062,56.977779388427734,57.0,0.8211915660979332,True,0.0,1.0,exp15_events_20261003T123459Z.csv,sherlock_rolling_baseline
02-Semiurban,nonfinite_total,32,17957,221,drift-off:drift-off,0,0.7110674381256104,55.0,55.0,0.8016853932584269,True,0.0,1.0,exp15_events_20261003T123459Z.csv,sherlock_rolling_baseline
02-Semiurban,nonfinite_total,34,19411,470,drift-off:drift-off,0,1.987013339996338,258.0,258.0,0.910705368289638,True,0.0,1.0,exp15_events_20261003T123459Z.csv,sherlock_rolling_baseline
02-Semiurban,nonfinite_total,35,19923,159,industroyer:industroyer,1,0.1102056503295898,258.0,258.0,0.910705368289638,True,0.0,1.0,exp15_events_20261003T123459Z.csv,sherlock_rolling_baseline
02-Semiurban,nonfinite_total,36,20572,119,industroyer:industroyer,1,1.990530252456665,258.0,258.0,0.910705368289638,True,0.0,1.0,exp15_events_20261003T123459Z.csv,sherlock_rolling_baseline
