scenario,detector,attack_type,n_events,n_detected,mean_event_auroc,n_events_auroc_ge_0.9,git_sha,source_file,ablation_axis
01-Basic,N_pca_spe,arp-spoof:arp-spoof-dos,2,2,0.963373096272032,2,7c5ff51e5b48a684593a7e390e9a0bc65a0cc94d-dirty,exp18_attack_type_summary_20261009T150348Z.csv,sherlock_replication_01basic
01-Basic,N_pca_spe,control-and-freeze:control-and-freeze,5,5,0.8929040088603637,3,7c5ff51e5b48a684593a7e390e9a0bc65a0cc94d-dirty,exp18_attack_type_summary_20261009T150348Z.csv,sherlock_replication_01basic
01-Basic,N_pca_spe,drift-off:drift-off,4,4,0.7335153204035947,2,7c5ff51e5b48a684593a7e390e9a0bc65a0cc94d-dirty,exp18_attack_type_summary_20261009T150348Z.csv,sherlock_replication_01basic
01-Basic,N_pca_spe,industroyer:industroyer,7,7,0.621996175232144,0,7c5ff51e5b48a684593a7e390e9a0bc65a0cc94d-dirty,exp18_attack_type_summary_20261009T150348Z.csv,sherlock_replication_01basic
01-Basic,N_top_k_mean_abs_z,arp-spoof:arp-spoof-dos,2,2,0.9549553295657202,2,7c5ff51e5b48a684593a7e390e9a0bc65a0cc94d-dirty,exp18_attack_type_summary_20261009T150348Z.csv,sherlock_replication_01basic
01-Basic,N_top_k_mean_abs_z,control-and-freeze:control-and-freeze,5,5,0.8455038847399028,3,7c5ff51e5b48a684593a7e390e9a0bc65a0cc94d-dirty,exp18_attack_type_summary_20261009T150348Z.csv,sherlock_replication_01basic
01-Basic,N_top_k_mean_abs_z,drift-off:drift-off,4,4,0.6627725582734135,1,7c5ff51e5b48a684593a7e390e9a0bc65a0cc94d-dirty,exp18_attack_type_summary_20261009T150348Z.csv,sherlock_replication_01basic
01-Basic,N_top_k_mean_abs_z,industroyer:industroyer,7,7,0.5318600310749542,0,7c5ff51e5b48a684593a7e390e9a0bc65a0cc94d-dirty,exp18_attack_type_summary_20261009T150348Z.csv,sherlock_replication_01basic
01-Basic,Nplus_pca_spe,arp-spoof:arp-spoof-dos,2,2,0.9574874218071548,2,7c5ff51e5b48a684593a7e390e9a0bc65a0cc94d-dirty,exp18_attack_type_summary_20261009T150348Z.csv,sherlock_replication_01basic
01-Basic,Nplus_pca_spe,control-and-freeze:control-and-freeze,5,5,0.901018988541954,3,7c5ff51e5b48a684593a7e390e9a0bc65a0cc94d-dirty,exp18_attack_type_summary_20261009T150348Z.csv,sherlock_replication_01basic
01-Basic,Nplus_pca_spe,drift-off:drift-off,4,4,0.7190636840745458,2,7c5ff51e5b48a684593a7e390e9a0bc65a0cc94d-dirty,exp18_attack_type_summary_20261009T150348Z.csv,sherlock_replication_01basic
01-Basic,Nplus_pca_spe,industroyer:industroyer,7,7,0.6217089662724131,1,7c5ff51e5b48a684593a7e390e9a0bc65a0cc94d-dirty,exp18_attack_type_summary_20261009T150348Z.csv,sherlock_replication_01basic
01-Basic,PN_max,arp-spoof:arp-spoof-dos,2,2,0.981549749758748,2,7c5ff51e5b48a684593a7e390e9a0bc65a0cc94d-dirty,exp18_attack_type_summary_20261009T150348Z.csv,sherlock_replication_01basic
01-Basic,PN_max,control-and-freeze:control-and-freeze,5,5,0.8756435463596299,3,7c5ff51e5b48a684593a7e390e9a0bc65a0cc94d-dirty,exp18_attack_type_summary_20261009T150348Z.csv,sherlock_replication_01basic
01-Basic,PN_max,drift-off:drift-off,4,4,0.6961994991487601,2,7c5ff51e5b48a684593a7e390e9a0bc65a0cc94d-dirty,exp18_attack_type_summary_20261009T150348Z.csv,sherlock_replication_01basic
01-Basic,PN_max,industroyer:industroyer,7,7,0.7172077676295326,1,7c5ff51e5b48a684593a7e390e9a0bc65a0cc94d-dirty,exp18_attack_type_summary_20261009T150348Z.csv,sherlock_replication_01basic
01-Basic,PN_mean,arp-spoof:arp-spoof-dos,2,2,0.9822681959163228,2,7c5ff51e5b48a684593a7e390e9a0bc65a0cc94d-dirty,exp18_attack_type_summary_20261009T150348Z.csv,sherlock_replication_01basic
01-Basic,PN_mean,control-and-freeze:control-and-freeze,5,5,0.8680651108039609,3,7c5ff51e5b48a684593a7e390e9a0bc65a0cc94d-dirty,exp18_attack_type_summary_20261009T150348Z.csv,sherlock_replication_01basic
01-Basic,PN_mean,drift-off:drift-off,4,4,0.7105114064379772,2,7c5ff51e5b48a684593a7e390e9a0bc65a0cc94d-dirty,exp18_attack_type_summary_20261009T150348Z.csv,sherlock_replication_01basic
01-Basic,PN_mean,industroyer:industroyer,7,7,0.7499819132332587,1,7c5ff51e5b48a684593a7e390e9a0bc65a0cc94d-dirty,exp18_attack_type_summary_20261009T150348Z.csv,sherlock_replication_01basic
01-Basic,PNplus_mean,arp-spoof:arp-spoof-dos,2,2,0.983130132365867,2,7c5ff51e5b48a684593a7e390e9a0bc65a0cc94d-dirty,exp18_attack_type_summary_20261009T150348Z.csv,sherlock_replication_01basic
01-Basic,PNplus_mean,control-and-freeze:control-and-freeze,5,5,0.8737338259735296,3,7c5ff51e5b48a684593a7e390e9a0bc65a0cc94d-dirty,exp18_attack_type_summary_20261009T150348Z.csv,sherlock_replication_01basic
01-Basic,PNplus_mean,drift-off:drift-off,4,4,0.6951121237971688,2,7c5ff51e5b48a684593a7e390e9a0bc65a0cc94d-dirty,exp18_attack_type_summary_20261009T150348Z.csv,sherlock_replication_01basic
01-Basic,PNplus_mean,industroyer:industroyer,7,7,0.7695464837151561,3,7c5ff51e5b48a684593a7e390e9a0bc65a0cc94d-dirty,exp18_attack_type_summary_20261009T150348Z.csv,sherlock_replication_01basic
01-Basic,P_pca_spe,arp-spoof:arp-spoof-dos,2,1,0.8877761171127742,1,7c5ff51e5b48a684593a7e390e9a0bc65a0cc94d-dirty,exp18_attack_type_summary_20261009T150348Z.csv,sherlock_replication_01basic
01-Basic,P_pca_spe,control-and-freeze:control-and-freeze,5,2,0.586585474180527,1,7c5ff51e5b48a684593a7e390e9a0bc65a0cc94d-dirty,exp18_attack_type_summary_20261009T150348Z.csv,sherlock_replication_01basic
01-Basic,P_pca_spe,drift-off:drift-off,4,0,0.3849546381869271,0,7c5ff51e5b48a684593a7e390e9a0bc65a0cc94d-dirty,exp18_attack_type_summary_20261009T150348Z.csv,sherlock_replication_01basic
01-Basic,P_pca_spe,industroyer:industroyer,7,1,0.8191445743067415,2,7c5ff51e5b48a684593a7e390e9a0bc65a0cc94d-dirty,exp18_attack_type_summary_20261009T150348Z.csv,sherlock_replication_01basic
